;name;price
0;"Smartphone Samsung Galaxy A14 64 GB Preto 4G Octa-Core 4GB RAM 6,6"" Câm. Tripla + Selfie 13MP Dual Chip";R$ 656,10
1;"Smartphone Samsung Galaxy A14 64 GB Prata 4G Octa-Core 4GB RAM 6,6"" Câm. Tripla + Selfie 13MP Dual Chip";R$ 656,10
2;Smartphone Samsung Galaxy A05 128GB Preto 4G Octa-Core 4GB RAM 6,7” Câm. Dupla + Selfie 8MP;R$ 719,10
3;Smartphone Samsung Galaxy A03 Core 32GB Verde Octa-Core 4G 2GB RAM 6,5” Câm. 8MP + Selfie 5MP;R$ 494,10
4;Smartphone Samsung Galaxy A03 Core 32GB Preto Octa-Core 4G 2GB RAM 6,5” Câm. 8MP + Selfie 5MP;R$ 494,10
5;Smartphone Samsung Galaxy A05 128GB Prata 4G Octa-Core 4GB RAM 6,7” Câm. Dupla + Selfie 8MP;R$ 719,10
6;Smartphone Samsung Galaxy A04e, 64GB, 3GB RAM, Octa Core, Câmera Dupla 13MP, Tela de 6.5, Preto - SM-A042MZKPZTO;R$ 598,49
7;Smartphone Positivo Twist 4 Fit 32GB Preto 3G Quad-Core 1GB RAM Tela 5” Câm. 8MP + Selfie 5MP;R$ 269,10
8;"Smartphone Motorola Moto G14 128GB Grafite 4G Octa-Core 4 GB RAM 6,5"" Câm. Dupla + Selfie 8MP Dual Nano SIM";R$ 764,10
9;Smartphone Positivo Twist 4 Fit 32GB Vermelho 3G Quad-Core 1GB RAM Tela 5” Câm. 8MP + Selfie 5MP;R$ 269,10
10;"Smartphone Samsung Galaxy A14 128GB Preto 5G Octa-Core 4GB RAM 6,6"" Câm. Tripla + Selfie 13MP";R$ 899,10
11;"Smartphone Samsung Galaxy A14 128GB Prata 5G Octa-Core 4GB RAM 6,6"" Câm. Tripla + Selfie 13MP";R$ 899,10
12;"Smartphone Samsung Galaxy A14 128GB Preto 4G Octa-Core 4GB RAM 6,6"" Câm. Tripla + Selfie 13MP Dual Chip";R$ 809,10
13;"Smartphone Samsung Galaxy A14 128GB Verde Lima 4G Octa-Core 4GB RAM 6,6"" Câm. Tripla + Selfie 13MP Dual Chip";R$ 809,10
14;"Smartphone Motorola Moto G54 256GB Azul 5G 8GB RAM 6,5"" Câm. Dupla + Selfie 16MP Dual Chip";R$ 1.299,00
15;Smartphone Samsung Galaxy A05 128GB Verde 4G Octa-Core 4GB RAM 6,7” Câm. Dupla + Selfie 8MP;R$ 719,10
16;"Smartphone Positivo Twist 5 64GB Preto 3G Unisoc 1GB RAM 6,26"" Câm. 8MP + Selfie 8MP Dual Chip";R$ 359,10
17;Smartphone Samsung Galaxy A23 128GB Branco 5G Octa-Core 4GB RAM 6,6” Câm. Quádrupla + Selfie 8MP;R$ 1.214,10
18;Celular Positivo P26 Dual Chip 32MB 2G Rádio FM;R$ 89,99
19;"Smartphone Motorola Moto G54 128GB Grafite 5G 4GB RAM 6,5"" Câm. Dupla + Selfie 16MP Dual Chip";R$ 1.099,00
20;"Smartphone Motorola Moto G54 128GB Azul 5G 4GB RAM 6,5"" Câm. Dupla + Selfie 16MP Dual Chip";R$ 1.099,00
21;"Smartphone Motorola Moto G54 256GB Verde 5G 8GB RAM 6,5"" Câm. Dupla + Selfie 16MP Dual Chip";R$ 1.299,00
22;"Smartphone Motorola Moto G54 256GB Grafite 5G 8GB RAM 6,5"" Câm. Dupla + Selfie 16MP Dual Chip";R$ 1.349,10
23;"Smartphone Samsung Galaxy A14 128GB Verde Lima 5G Octa-Core 4GB RAM 6,6"" Câm. Tripla + Selfie 13MP";R$ 899,10
24;Smartphone Samsung Galaxy S23 256GB Preto 5G 8GB RAM 6,1” Câm Tripla + Selfie 12MP;R$ 3.509,10
25;"Smartphone Samsung Galaxy A34 128GB Preto 5G Octa-Core 6GB RAM 6,6"" Câm. Tripla + Selfie 13MP Dual Chip";R$ 1.439,10
26;"Smartphone Samsung Galaxy A34 256GB Preto 5G Octa-Core 8GB RAM 6,6"" Câm Tripla + Selfie 13MP Dual Chip";R$ 1.529,10
27;Smartphone Motorola Moto E13, 32GB, 2GB RAM, Octa Core, Câmera 13MP, Tela de 6.5, Verde - PAXV0001BR;R$ 538,99
28;"Smartphone Samsung Galaxy A54 256GB Preto Lima 5G Octa-Core 8GB RAM 6,4"" Câm. Tripla + Selfie 32MP Dual Chip";R$ 1.979,10
29;"Smartphone Samsung Galaxy A54 128GB Preto 5G Octa-Core 8GB RAM 6,4"" Câm. Tripla + Selfie 32MP Dual Chip";R$ 1.799,10
30;"Smartphone Motorola Moto G84 256GB Azul 5G Snapdragon 695 8GB RAM 6,55"" Câm. Dupla + Selfie 16MP Dual Chip";R$ 1.649,00
31;"Smartphone Samsung Galaxy A34 128GB Violeta 5G Octa-Core 6GB RAM 6,6"" Câm. Tripla + Selfie 13MP Dual Chip";R$ 1.439,10
32;"Smartphone Samsung Galaxy A54 256GB Branco Lima 5G Octa-Core 8GB RAM 6,4"" Câm. Tripla + Selfie 32MP Dual Chip";R$ 1.979,10
33;"Smartphone Motorola Moto G73 5G 128GB 8GB RAM Tela 6.5"" Câmera Dupla Selfie de 16MP - Branco";R$ 1.075,25
34;"Smartphone Motorola Edge 40 256GB Preto 5G Dimensity Octa-Core 8GB RAM 6,55"" Câm. Dupla + Selfie 32MP";R$ 2.249,10
35;"Smartphone Infinix Hot 30i 128GB Preto 4G MediaTek 8GB RAM 6,6"" Câm. 50MP + Selfie 5MP Dual Chip";R$ 809,10
36;Smartphone Samsung Galaxy S23 256GB Creme 5G 8GB RAM 6,1” Câm Tripla + Selfie 12MP;R$ 3.509,10
37;Smartphone Motorola Moto E6i 32GB Cinza Titanium 4G 2GB RAM Tela 6,1” Câm. Dupla + Selfie 5MP;R$ 629,10
38;Smartphone Motorola Moto E22 64GB Preto 4G 4GB RAM 6,5” Câm. Dupla + Selfie 5MP Dual Chip;R$ 899,10
39;Smartphone Motorola Moto E22 32GB Branco 4G 2GB RAM 6,5” Câm. Dupla + Selfie 5MP Dual Chip;R$ 719,10
40;"Smartphone Samsung Galaxy A54 128GB Branco 5G Octa-Core 8GB RAM 6,4"" Câm. Tripla + Selfie 32MP Dual Chip";R$ 1.799,10
41;Apple iPhone 13 128GB Estelar Tela 6,1” 12MP;R$ 3.799,00
42;Apple iPhone 14 128GB Meia-noite 6,1” 12MP - iOS 5G;R$ 4.298,99
43;Apple iPhone 13 128GB Meia-noite Tela 6,1” 12MP;R$ 3.799,00
44;Apple iPhone 14 128GB Estelar 6,1” 12MP iOS 5G;R$ 4.298,99
45;"Smartphone Infinix Smart 7 64GB Preto 4G MediaTek 3GB RAM 6,6"" Câm. 13MP + Selfie 5MP Dual Chip";R$ 584,10
46;"Smartphone Infinix Smart 7 64GB Azul 4G MediaTek 3GB RAM 6,6"" Câm. 13MP + Selfie 5MP Dual Chip";R$ 584,10
47;"Smartphone Samsung Galaxy A54 128GB Violeta 5G Octa-Core 8GB RAM 6,4"" Câm. Tripla + Selfie 32MP Dual Chip";R$ 1.799,10
48;Apple iPhone 13 128GB Rosa Tela 6,1” 12MP;R$ 3.799,00
49;Smartphone Samsung Galaxy A24 128gb 4gb Ram Octa-Core Preto;R$ 947,67
50;"Smartphone Positivo S650 Twist 5 Max 128GB Chumbo 4G Octa-Core 2GB RAM 6,5"" Câm. Dupla + Selfie 8MP Dual Chip";R$ 494,10
51;Samsung Galaxy S23 FE 5G Smartphone Android 128GB Grafite;R$ 2.699,10
52;"Smartphone Samsung Galaxy A34 128GB Verde Lima 5G Octa-Core 6GB RAM 6,6"" Câm. Tripla + Selfie 13MP Dual Chip";R$ 1.439,10
53;"Smartphone Motorola Moto G23 128GB Grafite 4G Octa-Core 4GB RAM 6,5"" Câm. Tripla + Selfie 16MP Dual Chip";R$ 1.079,10
54;"Smartphone Motorola Moto E13 64GB Grafite 4G Octa-Core 4GB RAM 6,5"" Câm. 13MP + Selfie 5MP Dual Chip";R$ 809,10
55;"Smartphone Motorola Moto G53 128GB Grafite 5G Snapdragon 480+ Octa-Core 4GB RAM 6,5"" Câm. Dupla + Selfie 8MP Dual Chip";R$ 1.349,10
56;Smartphone Samsung Galaxy S23 256GB Violeta 5G 8GB RAM 6,1” Câm Tripla + Selfie 12MP;R$ 3.509,10
57;"Smartphone Motorola Edge 40 Neo 256GB Black Beauty 5G 8GB RAM 6,55"" Câm. Dupla + Selfie 32MP Dual Chip";R$ 2.249,10
58;Smartphone Motorola Moto E6i 32GB Pink 4G 2GB RAM Tela 6,1” Câm. Dupla + Selfie 5MP;R$ 629,10
59;Smartphone Celular do Idoso Positivo com Letra e Ícones Grandes 64gb Dual Chip Tela Grande de 5.5 Botão S.O.S Radio Câm de 8MP + Frontal 8MP com Flash;R$ 349,20
60;"Smartphone Motorola Moto E13 64GB Verde 4G Octa-Core 4GB RAM 6,5"" Câm. 13MP + Selfie 5MP Dual Chip";R$ 809,10
61;"Smartphone Samsung Galaxy A14 64GB Preto 5G Octa-Core 4GB RAM 6,6"" Câm. Tripla + Selfie 13MP Dual Chip";R$ 1.079,10
62;"Smartphone xiaomi redmi 9a tela 6,53"" 2gb/32gb 4g azul gradiente";R$ 581,99
63;Smartphone Samsung Galaxy S23 128GB Violeta 5G 8GB RAM 6,1” Câm Tripla + Selfie 12MP;R$ 3.419,10
64;"Smartphone Samsung Galaxy A05s 6,7"" 128GB Preto 6GB RAM Câm. Tripla 50MP + Selfie 8MP Bateria 5000mAh Dual Chip";R$ 899,10
65;"Smartphone Samsung Galaxy A54 256GB Verde Lima 5G Octa-Core 8GB RAM 6,4"" Câm. Tripla + Selfie 32MP Dual Chip";R$ 1.979,10
66;Apple iPhone 13 128GB Azul Tela 6,1” 12MP;R$ 3.799,00
67;Smartphone Motorola Moto E13, 32GB, 2GB RAM, Octa Core, Câmera 13MP, Tela de 6.5, Off White - PAXV0002BR;R$ 538,99
68;"Smartphone Philco Hit P8 32Gb 3GB RAM Dark Blue 6""";R$ 359,00
69;"Smartphone Infinix Hot 30i 128GB Azul 4G MediaTek 8GB RAM 6,6"" Câm. 50MP + Selfie 5MP Dual Chip";R$ 809,10
70;"Smartphone Motorola Moto G84 5G 256GB 8GB RAM Câmera 50MP + 8MP Selfie 16MP 6.55"" Grafite";R$ 1.583,12
71;"Smartphone Motorola Moto G53 128GB Prata 5G Snapdragon 480+ Octa-Core 4GB RAM 6,5"" Câm. Dupla + Selfie 8MP Dual Chip";R$ 1.349,10
72;"Smartphone Motorola Edge 40 Neo 256GB Soothing Sea 5G 8GB RAM 6,55"" Câm. Dupla + Selfie 32MP Dual Chip";R$ 2.249,10
73;Samsung Galaxy S23 FE 5G Smartphone Android 128GB Verde;R$ 2.699,10
74;"Smartphone Motorola Moto G23 128GB Azul 4G Octa-Core 4GB RAM 6,5"" Câm. Tripla + Selfie 16MP Dual Chip";R$ 1.079,10
75;"Smartphone Samsung Z Flip 5 512GB Verde Claro 5G Snapdragon 8GB RAM 6,7"" Câm. Dupla + Selfie 10MP Dual Chip";R$ 3.599,10
76;"Smartphone Infinix Note 30 256GB Azul 5G Mediatek Dimensity 6080 8GB RAM 6,78"" Câm. Tripla + Selfie 16MP Dual Chip Sound by JBL";R$ 1.529,10
77;Smartphone Samsung Galaxy S23 Ultra 256GB Preto 5G 12GB RAM 6,8” Câm. Quádrupla + Selfie 12MP;R$ 5.939,10
78;"Smartphone Positivo S640 Twist 5 Pro 64GB Preto 4G 2GB RAM 6,26"" Câm. 8MP + Selfie 8MP Dual Chip";R$ 413,10
79;Smartphone Nokia C01 Plus NK040 32GB 1GB RAM Octa Core;R$ 367,33
80;iPhone 12 Apple 64GB Branco Tela 6,1” 12MP iOS;R$ 3.199,00
81;Smartphone Motorola Moto E6S 64GB Vermelho Magenta - 4G Octa-Core 4GB RAM 6,1” Câm. Dupla + Selfie 5MP;R$ 629,10
82;"Apple iPhone 15 Pro Max 256GB Titânio Natural 6,7"" 48MP iOS 5G";R$ 8.819,10
83;"Smartphone Motorola Moto G53 128GB Rosê 5G Snapdragon 480+ Octa-Core 4GB RAM 6,5"" Câm. Dupla + Selfie 8MP Dual Chip";R$ 1.079,10
84;Samsung Galaxy S23 FE 5G Smartphone Android 256GB Grafite;R$ 3.149,10
85;Apple iPhone 14 Plus 128GB Meia-noite 6,7” 12MP;R$ 4.789,00
86;"Smartphone Motorola Moto E13 32GB Off-White 4G Octa-Core 2GB RAM 6,5"" Câm. 13MP + Selfie 5MP Dual Chip";R$ 674,10
87;Smartphone Moto G53 128GB 4G 5G Wi-Fi Tela 6.5 Dual Chip 4GB RAM Câmera 50MP + Selfie 8MP - Grafite;R$ 1.115,64
88;"Smartphone Motorola Moto E22 128GB Azul 4G 4GB RAM 6,5"" Câm. Dupla + Selfie 5MP Dual Chip";R$ 989,10
89;"Smartphone Motorola Moto E13 64GB Off-White 4G Octa-Core 4GB RAM 6,5"" Câm. 13MP + Selfie 5MP Dual Chip";R$ 809,10
90;"Smartphone Infinix Note 30 256GB Preto 5G Mediatek Dimensity 6080 8GB RAM 6,78"" Câm. Tripla + Selfie 16MP Dual Chip Sound by JBL";R$ 1.529,10
91;"Smartphone Motorola Moto G84 256GB Magenta 5G Snapdragon 695 8GB RAM 6,55"" Câm. Dupla + Selfie 16MP Dual Chip";R$ 1.649,00
92;"Smartphone Samsung Z Flip 5 512GB Grafite 5G Snapdragon 8GB RAM 6,7"" Câm. Dupla + Selfie 10MP Dual Chip";R$ 3.599,10
93;"Smartphone Motorola Edge 40 256GB Magenta 5G Dimensity Octa-Core 8GB RAM 6,55"" Câm. Dupla + Selfie 32MP";R$ 2.249,10
94;Smartphone Motorola Moto E22 32GB Grafite 4G 2GB RAM 6,5” Câm. Dupla + Selfie 5MP Dual Chip;R$ 719,10
95;Smartphone Multilaser E 2 32GB 1GB RAM 3G 5,0'' Preto;R$ 199,00
96;"Apple iPhone 15 128GB Preto 6,1"" 48MP iOS 5G";R$ 5.499,00
97;"Smartphone Motorola Edge 40 Neo 256GB Caneel Bay 5G 8GB RAM 6,55"" Câm. Dupla + Selfie 32MP Dual Chip";R$ 2.249,10
98;"Smartphone Samsung Galaxy A05s 6,7"" 128GB Violeta 6GB RAM Câm. Tripla 50MP + Selfie 8MP Bateria 5000mAh Dual Chip";R$ 899,10
99;Smartphone Samsung Galaxy S23 128GB Preto 5G 8GB RAM 6,1” Câm Tripla + Selfie 12MP;R$ 3.419,10
100;Smartphone Motorola Moto E7 32GB Cinza Metálico 4G Octa-Core 2GB RAM 6,5” Câm. Dupla + Selfie 5MP;R$ 629,10
101;"Smartphone Samsung Z Flip 5 512GB Rosa 5G Snapdragon 8GB RAM 6,7"" Câm. Dupla + Selfie 10MP Dual Chip";R$ 3.599,10
102;"Smartphone Motorola Moto E22 128GB Preto 4G 4GB RAM 6,5"" Câm. Dupla + Selfie 5MP Dual Chip";R$ 989,10
103;"Smartphone Samsung Galaxy A05s 6,7"" 128GB Prata 6GB RAM Câm. Tripla 50MP + Selfie 8MP Bateria 5000mAh Dual Chip";R$ 899,10
104;"Smartphone Nokia C12 64GB, 4G, Tela 6,3"" HD, Dual Chip, 4GB RAM, Câmera 8.0MP + Selfie 5.0MP NK121 - Verde";R$ 467,91
105;Smartphone Motorola Moto G14 4G 128GB 4GB RAM Câmera Dupla 50MP + 2MP Selfie 8MP Lilac - Vegan Leather;R$ 764,72
106;Smartphone Motorola Moto E6S 32GB Cinza Titanium 4G Octa-Core 2GB RAM 6,1” Câm. Dupla + Selfie 5MP;R$ 629,10
107;Smartphone Motorola Moto Edge 30 Neo 256GB 8GB RAM 6.3 Câm.Dupla + Selfie 32MP - Very Peri;R$ 1.384,65
108;Smartphone Motorola Moto G31 128GB Grafite 4G Octa-Core 4GB RAM 6,4” Câm. Tripla + Selfie 13MP;R$ 989,10
109;"Smartphone Moto G53 5G, 128GB, Tela 6.5"", Câmera Traseira 50MP+2MP, Grafite, MOTOROLA MOTOROLA";R$ 1.229,73
110;Smartphone Motorola Moto G20 64GB Grafite 4G 4GB RAM Tela 6,5” Câm. Quadrupla + Câm Selfie 13MP;R$ 809,10
111;"Smartphone Samsung Galaxy A23 128GB Branco 5G Octa-Core 4GB RAM 6,6"" Câm. Quádrupla + Selfie 8MP Dual Chip";R$ 1.214,10
112;"Smartphone Motorola Moto G84 5G 256GB - Azul - Vegan Leather, RAM 8GB, Câmera 50MP + 8MP, Selfie 16MP e Tela 6,55"" Ed Especial com Fone Moto Buds 135";R$ 1.759,12
113;Samsung Galaxy S23 FE 5G Smartphone Android 128GB Creme;R$ 2.699,10
114;"Smartphone Samsung Galaxy S21 FE 128GB Preto 5G Octa-Core 6GB RAM 6,4"" Câm. Tripla + Selfie 32MP Dual Chip";R$ 1.979,10
115;"Smartphone Samsung Z Flip 5 512GB Creme 5G Snapdragon 8GB RAM 6,7"" Câm. Dupla + Selfie 10MP Dual Chip";R$ 3.599,10
116;Smartphone Samsung Galaxy A54 128GB 5G Octa-Core 8GB RAM 6,4 Câm Tripla e Selfie 32MP Dual Chip;R$ 1.777,59
117;Smartphone Samsung Galaxy S23 Ultra 256GB Violeta 5G 12GB RAM 6,8” Câm. Quádrupla + Selfie 12MP;R$ 5.939,10
118;"Smartphone Motorola Moto E13 32GB Verde 4G Octa-Core 2GB RAM 6,5"" Câm. 13MP + Selfie 5MP Dual Chip";R$ 674,10
119;Smartphone Samsung Galaxy S23 Ultra 256GB Verde 5G 12GB RAM 6,8” Câm. Quádrupla + Selfie 12MP;R$ 5.939,10
120;"Smartphone Motorola Moto G84 5G 256GB - Grafite, RAM 8GB, Câmera Dupla 50MP + 8MP, Selfie 16MP e Tela 6,55"" Edição Especial com Fone Moto Buds 135";R$ 1.759,12
121;Smartphone Motorola E6 Play 32GB Cinza Metálico 4G;R$ 539,10
122;Smartphone Galaxy A54 128GB 5G Tela 6,4 Câmera Tripla 50MP Selfie 32MP Android 13 Samsung;R$ 1.767,51
123;Apple iPhone 14 256GB Estelar 6,1” 12MP iOS 5G;R$ 4.899,00
124;Smartphone Redmi 12 4gb 128gb;R$ 1.221,23
125;Smartphone Motorola Moto G20 64GB Pink 4G 4GB RAM Tela 6,5” Câm. Quádrupla + Selfie 13MP;R$ 809,10
126;"Smartphone Samsung Galaxy A54 128GB Verde Lima 5G Octa-Core 8GB RAM 6,4"" Câm. Tripla + Selfie 32MP Dual Chip";R$ 1.799,10
127;"Smartphone Samsung Galaxy S23 FE, 8GB RAM, 128GB, Octa-Core, Câmera Tripla 50MP, Tela Infinita de 6.4"", Creme - SM-S711BZWRZTO";R$ 2.939,99
128;Smartphone Motorola Moto E7 32GB Aquamarine - 4G Octa-Core 2GB RAM 6,5” Câm. Dupla + Selfie 5MP;R$ 629,10
129;"Smartphone Xiaomi Redmi 13C Dual 256GB + 8GB RAM Tela 6.74"" + Câmera 50 Mpx (GLOBAL)";R$ 1.483,50
130;"Smartphone Infinix Hot 20i 128GB Preto 4G MediaTek Helio G25 4GB RAM 6,6"" Câm. Tripla + Selfie 8MP Dual Chip";R$ 719,10
131;Samsung Galaxy S23 FE 5G Smartphone Android 256GB Creme;R$ 3.149,10
132;Smartphone Motorola Moto E7 64GB Cinza Metálico 4G Octa-Core 2GB RAM 6,5” Câm. Dupla + Selfie 5MP;R$ 674,10
133;"Smartphone Motorola Moto E13 32GB Grafite 4G Octa-Core 2GB RAM 6,5"" Câm. 13MP + Selfie 5MP Dual Chip";R$ 674,10
134;Smartphone Motorola Moto G53, 5G, 128GB, 4GB RAM, Octa Core, Câmera Dupla 50MP, Tela de 6.5, Prata - PAWR0001BR;R$ 1.038,45
135;"Smartphone Motorola Moto E22 4G 128GB 4GB RAM Tela 6,5"" Câmera Dupla 16MP + 2MP Frontal 5MP Preto";R$ 737,10
136;Smartphone Motorola Moto G52 128GB Preto 4G Octa-Core 4GB RAM 6,6” Câm. Tripla + Selfie 16MP;R$ 1.349,10
137;Smartphone Samsung Galaxy A21s 64GB Branco 4G - 4GB RAM 6,5” Câm. Quádrupla + Selfie 13MP;R$ 1.169,10
138;Smartphone LG K61 128GB Branco 4G Octa-Core - 4GB RAM 6,53” Câm. Quádrupla + Selfie 16MP;R$ 1.259,99
139;Smartphone Samsung Galaxy S23 Ultra 512GB Preto 5G 12GB RAM 6,8” Câm. Quádrupla + Selfie 12MP;R$ 6.839,10
140;Smartphone Xiaomi POCO X5 5G 256GB Memory 8GB RAM , 5000mAh 48MP+13MP CAM Global;R$ 2.230,03
141;Smartphone Xiaomi POCO X5 5G 256GB Memory 8GB RAM , 5000mAh 48MP+13MP CAM Global;R$ 2.152,43
142;"Apple iPhone 15 Pro Max 256GB Titânio Branco 6,7"" 48MP iOS 5G";R$ 8.999,10
143;"Smartphone Samsung Galaxy A54 5G, 256GB, 8GB RAM, Tela Infinita de 6.4"" Dual Chip";R$ 2.424,03
144;Smartphone Motorola Moto E6S 32GB Pink 4G Octa-Core 2GB RAM 6,1” Câm. Dupla + Selfie 5MP;R$ 629,10
145;"Apple iPhone 15 Pro 128GB Titânio Natural 6,1"" 48MP iOS 5G";R$ 7.199,10
146;"Apple iPhone 15 Pro Max 256GB Titânio Preto 6,7"" 48MP iOS 5G";R$ 8.819,10
147;"Apple iPhone 15 128GB Rosa 6,1"" 48MP iOS 5G";R$ 5.499,00
148;Smartphone xiaomi redmi 13c 8gb 256gb preto;R$ 1.329,99
149;Apple iPhone 14 128GB (PRODUCT)RED 6,1” 12MP iOS 5G;R$ 4.199,00
150;Smartphone Realme C55 8Gb Ram 256 Gb Rom- Sunshower Dourado - Global;R$ 1.143,99
151;Smartphone Motorola Moto E32 64GB Grafite 4G;R$ 899,10
152;Smartphone LG K61 128GB Titânio 4G Octa-Core - 4GB RAM 6,53” Câm. Quádrupla + Selfie 16MP;R$ 1.259,10
153;Celular Feature Phone Positivo P51 48MB 128MB 4G 2,4'' P/ Idoso Rádio FM Preto;R$ 179,00
154;Apple iPhone 13 128GB (PRODUCT)RED Tela 6,1” 12MP;R$ 3.799,00
155;Smartphone Motorola Moto G60 128GB Preto 4G 4GB RAM Tela 6,8” Câm. Tripla + Selfie 32MP;R$ 1.799,10
156;Smartphone Positivo Twist S509 32GB Cinza 4G Octa-Core 1GB RAM Tela 5” Câm. 8MP + Selfie 5MP;R$ 355,99
157;Smartphone Samsung Galaxy S23 Ultra 256GB Creme 5G 12GB RAM 6,8” Câm. Quádrupla + Selfie 12MP;R$ 5.939,10
158;Smartphone Samsung Galaxy S22 256GB Preto 5G 8GB;R$ 3.509,10
159;Smartphone Motorola Moto G52 128GB Branco 4G Octa-Core 4GB RAM 6,6” Câm. Tripla + Selfie 16MP;R$ 1.349,10
160;Smartphone Samsung Galaxy S22 128GB Branco 5G 8GB Octa-Core 8GB RAM 6,1” Cam. Tripla + Selfie 10MP;R$ 2.969,10
161;"Smartphone Motorola Moto G84 5G 256GB - Viva Magenta - Vegan Leather, RAM 8GB, Tela 6,55"" Ed Especial com Fone Moto Buds 135";R$ 1.759,12
162;"Apple iPhone 15 Pro Max 256GB Titânio Azul 6,7"" 48MP iOS 5G";R$ 8.819,10
163;Smartphone Moto G53 128GB 4G 5G Wi-Fi Tela 6.5 Dual Chip 4GB RAM Câmera 50MP + Selfie 8MP - Grafite;R$ 1.058,00
164;Smartphone Motorola Edge 30 Neo 256GB Lilás 5G Octa-Core 8GB RAM 6,3” Câm. Dupla + Selfie 32MP;R$ 2.159,10
165;"Smartphone Samsung Galaxy A14 64GB Verde Lima 5G Octa-Core 4GB RAM 6,6"" Câm. Tripla + Selfie 13MP Dual Chip";R$ 1.079,10
166;Smartphone 13c 256gb 8ram Azul;R$ 1.260,03
167;Smartphone Motorola Moto E40 64GB Grafite 4GB RAM Tela 6,5” Câm. Tripla + Selfie 8MP;R$ 899,10
168;Smartphone Samsung Galaxy S22 128GB Verde 5G 8GB;R$ 2.969,10
169;Smartphone Motorola Moto G31 128GB Azul 4G Octa-Core 4GB RAM 6,4” Câm. Tripla + Selfie 13MP;R$ 989,10
170;Smartphone Infinix Smart 7 Tela 6,6 Polegadas 64GB 3GB RAM;R$ 688,11
171;"Apple iPhone 15 Pro 128GB Titânio Preto 6,1"" 48MP iOS 5G";R$ 7.199,10
172;"Apple iPhone 15 Pro 128GB Titânio Branco 6,1"" 48MP iOS 5G";R$ 7.199,10
173;"Smartphone Xiaomi Redmi 13C Dual 256GB + 8GB RAM Tela 6.74"" + Câmera 50 Mpx VERDE";R$ 1.483,50
174;Smartphone Samsung Galaxy S22 128GB Rosé 5G 8GB Octa-Core 8GB RAM 6,1” Cam. Tripla + Selfie 10MP;R$ 2.969,10
175;Smartphone Motorola G60s 128GB Azul 4G;R$ 1.349,10
176;Smartphone Samsung Galaxy S23 Ultra 512GB Creme 5G 12GB RAM 6,8” Câm. Quádrupla + Selfie 12MP;R$ 6.839,10
177;"Smartphone Infinix Hot 20 128GB Azul 5G MediaTek Dimensity 810 4GB RAM 6,6"" Câm. Dupla + Selfie 8MP Dual Chip";R$ 899,10
178;"Smartphone Samsung Galaxy S24 6,2"" Galaxy AI 256GB Preto 5G 8GB RAM Câm. Tripla 50MP + Selfie 12MP Bateria 4000mAh Dual Chip";R$ 5.849,10
179;"Smartphone Samsung Galaxy S24 Ultra 6,8"" Galaxy AI 512GB Titânio Cinza 5G 12GB RAM Câm. Quádrupla 200MP + Selfie 12MP Bateria 5000mAh Dual Chip";R$ 9.899,10
180;Smartphone Samsung Galaxy A03 64GB Vermelho 4G Octa-Core 4GB RAM Tela 6,5” Câm. Dupla + Sefie 5MP;R$ 899,19
181;Telefone Celular Do Idoso Vovó Vovô Simples Nokia 105 2 Chips Entrada Fone Ouvido Rádio Fm Lanterna;R$ 196,10
182;Smartphone Motorola Edge 30 256GB Azul 5G Octa-Core 8GB RAM 6,5” Câm. Tripla + Selfie 32MP;R$ 2.699,10
183;Smartphone Xiaomi POCO X5, 5G, 128GB, 6GB RAM, Octa Core, Câmera Tripla 48MP, Tela de 6.6, CINZA;R$ 1.697,49
184;Smartphone Asus Rog Phone 6 Gamer Preto com 256GB, 5G, 8GB RAM e Câmera Tripla 50MP+12MP+5MP;R$ 3.412,49
185;Smartphone Samsung Galaxy A14 64 GB Prata 5G Octa-Core;R$ 1.079,10
186;"Smartphone Xiaomi Redmi 9T Tela 6,53"" 128GB 4GB RAM Câmera Quádrupla + Selfie 8MP - Laranja";R$ 2.133,03
187;Smartphone xiaomi redmi 10a 4gb 128gb prata;R$ 1.066,99
188;"Smartphone Nokia G11 Plus 4G, 128GB, 3GB RAM, Tela 6,5"", Câmera 50MP, Cinza, NK095 NOKIA";R$ 646,64
189;Smartphone Samsung Galaxy A02 32GB Vermelho 4G;R$ 629,10
190;Smartphone LG K62+ 128GB Branco 4G Octa-Core - 4GB RAM Tela 6,59” Câm. Quádrupla + Selfie 28MP;R$ 1.349,99
191;Smartphone LG K62+ 128GB Azul 4G Octa-Core 4GB RAM Tela 6,59” Câm. Quádrupla + Selfie 28MP Dual Chip;R$ 1.439,99
192;Smartphone Motorola Edge 30 Ultra 256GB Branco 5G 12GB RAM 6,7” Câm. Tripla + Selfie 60MP;R$ 5.129,10
193;Smartphone Samsung Galaxy A02s 32GB Azul 4G - Octa-Core 3GB RAM 6,5” Câm. Tripla + Selfie 5MP;R$ 719,10
194;Smartphone Redmi 12 4gb 128gb;R$ 1.221,23
195;Smartphone LG K52 64GB Verde 4G Octa-Core 3GB RAM Tela 6,6” Câm. Quádrupla + Selfie 8MP Dual Chip;R$ 944,99
196;"Smartphone Samsung Galaxy A15 6,5"" 256GB Azul Escuro 8GB RAM Câm. Tripla 50MP + Selfie 13MP 5000mAh Dual Chip";R$ 1.529,10
197;"Smartphone Samsung Galaxy S24 Ultra 6,8"" Galaxy AI 512GB Titânio Violeta 5G 12GB RAM Câm. Quádrupla 200MP + Selfie 12MP Bateria 5000mAh Dual Chip";R$ 9.899,10
198;Smartphone Motorola Edge 20 128GB Preto 5G 8GB RAM Tela 6,7” Câm. Tripla + Selfie 32MP;R$ 1.979,10
199;Smartphone Motorola Edge 40 XT2303-2 Dual Chip 50MP OIS+13 MP FHD+ (1080 x 2400) 256gb 5g Verde;R$ 2.423,97
200;"Smartphone Samsung Galaxy A34 256GB Prata 5G Octa-Core 8GB RAM 6,6"" Câm Tripla + Selfie 13MP Dual Chip";R$ 1.529,10
201;Smartphone celular multilaser g max 2 preto 128gb (64+64);R$ 457,51
202;Apple iPhone 13 256GB Rosa Tela 6,1” 12MP;R$ 4.599,00
203;Celular Smartphone Xiaomi Redmi 13C 4G 128GB - 4GB Ram (Versao Global) (Mint Green);R$ 1.006,86
204;Smartphone Infinix Smart 6 64GB Preto 4G 2GB RAM 6,52” Câm. Dupla + Selfie 5MP Dual Chip;R$ 539,10
205;Smartphone X5 5G Dual sim 8Gb 256Gb;R$ 1.842,03
206;Smartphone Infinix Hot 11 128GB Prata 4G 4GB RAM 6,82” Câm. Tripla + Selfie 8MP;R$ 719,10
207;Apple iPhone 13 256GB Meia-noite Tela 6,1” 12MP;R$ 4.599,00
208;Smartphone Samsung Galaxy A54, 5G, 256GB, 8GB RAM, Octa Core, Câmera Tripla de 50MP, Tela Infinita de 6.4, Branco - SM-A546EZWMZTO;R$ 2.257,50
209;Apple iPhone 14 256GB Roxo 6,1” 12MP iOS 5G;R$ 4.899,00
210;Smartphone Xiaomi POCO X5 5G (Global)256GB Memory 8GB RAM ,48MP+13MP CAM (preto) - Xiaomi pocophone;R$ 1.939,99
211;Smartphone Motorola Moto G53, 5G, 128GB, 4GB RAM, Octa Core, Câmera Dupla 50MP, Tela de 6.5, Grafite - PAWR0000BR;R$ 1.038,45
212;"Smartphone Xiaomi Redmi 13C Dual 256GB + 8GB RAM Tela 6.71"" + Câmera 50 Mpx - PRETO";R$ 1.512,00
213;"Smartphone Samsung Galaxy S24 Ultra 6,8"" Galaxy AI 512GB Titânio Creme 5G 12GB RAM Câm. Quádrupla 200MP + Selfie 12MP Bateria 5000mAh Dual Chip";R$ 9.899,10
214;"Smartphone Samsung Galaxy S24 Ultra 6,8"" Galaxy AI 512GB Titânio Preto 5G 12GB RAM Câm. Quádrupla 200MP + Selfie 12MP Bateria 5000mAh Dual Chip";R$ 9.899,10
215;"Smartphone Samsung Galaxy S24 6,2"" Galaxy AI 256GB Cinza 5G 8GB RAM Câm. Tripla 50MP + Selfie 12MP Bateria 4000mAh Dual Chip";R$ 5.849,10
216;"Smartphone Samsung Galaxy S24 6,2"" Galaxy AI 256GB Violeta 5G 8GB RAM Câm. Tripla 50MP + Selfie 12MP Bateria 4000mAh Dual Chip";R$ 5.849,10
217;"Smartphone Motorola Moto G84 5G 256GB 8GB RAM Câmera 50MP + 8MP Selfie 16MP 6.55"" Azul-Vegan Leather";R$ 1.671,12
218;Apple iPhone 13 256GB Estelar Tela 6,1” 12MP;R$ 4.599,00
219;"Apple iPhone 15 Pro 128GB Titânio Azul 6,1"" 48MP iOS 5G";R$ 7.199,10
220;Celular Smartphone Xiaomi Redmi 13C 4/128gb Lançamento 2023 Global Azul;R$ 1.027,23
221;"Smartphone LG K9 TV X210BMW 4G 16GB 2GB RAM 8MP 5"" HD";R$ 475,20
222;Celular Smartphone Redmi 12C 128Gb 4Gb Ram Mint Green;R$ 949,63
223;Smartphone Redmi 13C 8GB RAM 256GB ROM;R$ 1.648,03
224;Smartphone Motorola Edge 30 Fusion 256GB Preto 5G 8GB RAM 6,6” Câm. Tripla + Selfie 32MP;R$ 3.149,10
225;Celular Smartphone Redmi 12C 128Gb 4Gb Ram Graphite Gray;R$ 949,63
226;Celular Smartphone Xiaomi Redmi Note 12 4G 128GB 6GB Ram (VERSAO GLOBAL) (Mint Green);R$ 1.260,03
227;Smartphone Samsung Galaxy A10s 32GB Vermelho;R$ 854,99
228;Celular Smartphone Multilaser G2 P9155 32GB 2GB Dourado 6,1';R$ 339,90
229;"Smartphone Motorola Moto G23 128GB 4GB RAM Câmera Tripla + Selfie 16MP Tela 6.5"" Grafite";R$ 978,11
230;Celular Smartphone Redmi 12C 128Gb 4Gb Ram Ocean Blue;R$ 949,63
231;Smartphone redmi 12 8gb 256gb azul;R$ 1.551,03
232;"Apple iPhone 15 Pro 256GB Titânio Natural 6,1"" 48MP iOS 5G";R$ 7.998,99
233;Celular Smartphone Xiaomi Redmi 13C 4G 128GB - 4GB Ram (Versao Global) (Navy Blue);R$ 1.026,26
234;Smartphone Samsung Galaxy S23 Ultra 512GB Verde 5G 12GB RAM 6,8” Câm. Quádrupla + Selfie 12MP;R$ 6.839,10
235;"Smartphone Motorola Moto G53 5G 128GB - Prata, RAM 4GB, Câmera 50MP, Selfie 8MP e Tela 6,5""";R$ 1.028,99
236;Smartphone Asus Zenfone 9 128GB 5G Preto Qualcomm Snapdragon 8GB RAM 5,92” Câm. Dupla + Selfie 12MP;R$ 3.059,10
237;Smartphone samsung j5 metal j510m 16gb;R$ 533,50
238;Smartphone Samsung Galaxy A04e 64GB Preto 4G Octa-Core 3GB RAM 6,5” Câm. Dupla + Selfie 5MP;R$ 850,69
239;"Smartphone Motorola Moto G84 5G 256GB 8GB RAM Câmera 50MP + 8MP Selfie 16MP 6.55"" Viva Magenta - Vegan Leather";R$ 1.671,12
240;Smartphone Xiaomi POCO X5 5G (Global)256GB Memory 8GB RAM ,48MP+13MP CAM (verde) - Xiaomi pocophone;R$ 1.939,99
241;Smartphone Sansung A23 5G 128 GB Tela 6.6;R$ 1.928,50
242;Smartphone Samsung Galaxy A04e 64GB Preto 4G Octa-Core 3GB RAM 6,5” Câm. Dupla + Selfie 5MP;R$ 881,10
243;Smartphone LG K62 64GB Azul 4G Octa-Core 4GB RAM Tela 6,59” Câm. Quádrupla + Selfie 13MP;R$ 1.079,99
244;Smartphone Xiaomi Redmi 12 4G 256GB - 8GB Ram (Versao Global) (Sky Blue) Azul;R$ 1.551,99
245;Smartphone Motorola Moto E22 4g 128gb 4gb Ram Preto;R$ 919,77
246;Smartphone Samsung Galaxy S23 128GB Creme 5G 8GB RAM 6,1” Câm Tripla + Selfie 12MP;R$ 3.419,10
247;"Smartphone Samsung Galaxy S22 128GB Preto 5G Octa-Core 8GB RAM 6,1"" Câm. Tripla + Selfie 10MP Dual Chip";R$ 2.969,10
248;Smartphone Motorola Moto G200 256GB Azul 5G Octa-Core 8GB RAM 6,8” Câm. Tripla + Selfie 16MP;R$ 3.599,10
249;Smartphone Samsung Galaxy S23 Ultra 512GB Violeta 5G 12GB RAM 6,8” Câm. Quádrupla + Selfie 12MP;R$ 6.839,10
250;Smartphone Asus ZenFone Shot Plus 64GB Prata 4G Octa-Core 4GB RAM 6,26” Câm. Tripla + Selfie 8MP;R$ 989,99
251;Smartphone Samsung Galaxy A04e 64GB Preto 4G Octa-Core 3GB RAM 6,5” Câm. Dupla + Selfie 5MP;R$ 2.000,00
252;"Smartphone Xiaomi Redmi 12 Dual SIM de 256GB / 8GB RAM de 6.79"" 50 + 8 + 2MP / 8MP - Polar Silver";R$ 1.486,04
253;Smartphone Xiaomi POCO X5 5G 128GB Memory 6GB RAM , 5000mAh 48MP+13MP CAM Global;R$ 1.909,93
254;"Smartphone Motorola Moto G54 128GB Grafite 5G 4GB RAM 6,5"" 16MP Dual Chip";R$ 1.079,90
255;Smartphone 13c 256gb 8gb ram - Verde;R$ 1.202,80
256;"Smartphone Xiaomi Redmi 13C Dual 256GB + 8GB RAM Tela 6.74"" + Câmera 50 Mpx - AZUL (GLOBAL)";R$ 1.512,00
257;"Smartphone Samsung Galaxy S24+ 6,7"" Galaxy AI 512GB Preto 5G 12GB RAM Câm. Tripla 50MP + Selfie 12MP Bateria 4900mAh Dual Chip";R$ 7.199,10
258;"Smartphone Samsung Galaxy A15 6,5"" 256GB Azul Claro 8GB RAM Câm. Tripla 50MP + Selfie 13MP 5000mAh Dual Chip";R$ 1.529,10
259;Smartphone Moto Edge40 Neo 256GB 5G Caneel Bay;R$ 2.222,01
260;"Smartphone Samsung Galaxy A15 6,5"" 128GB Azul Escuro 4GB RAM Câm. Tripla 50MP + Selfie 13MP 5000mAh Dual Chip";R$ 1.259,10
261;Apple iPhone 13 256GB Azul Tela 6,1” 12MP iOS;R$ 4.599,00
262;Smartphone Samsung Galaxy A04E 64GB Preto 3GB RAM 6,5” Câm. Dupla + Selfie 5MP + Fone M19 Bluetooth;R$ 981,00
263;Smartphone Xiaomi Redmi 12C 4GB RAM 128gb Octa Core, Câmera 50MP, Tela 6.71;R$ 1.056,33
264;"Smartphone Samsung Galaxy A14 4G 128GB 4GB RAM Tela 6,6"" FHD+ Câmera Tripla 50MP Frontal 13MP Preto";R$ 808,20
265;Smartphone Samsung Galaxy A14 128GB 4G Wi-Fi Tela 6.6 Dual Chip 4GB RAM Câm Tripla+Selfi 13MP-Branco;R$ 1.314,74
266;Smartphone Motorola Moto G82 128GB Branco 5G Octa-Core 6GB RAM 6,6” Câm. Tripla + Selfie 16MP;R$ 1.799,10
267;Smartphone Motorola Moto G82 128GB Preto 5G Octa-Core 6GB RAM 6,6” Câm. Tripla + Selfie 16MP;R$ 1.799,10
268;"Apple iPhone 15 128GB Verde 6,1"" 48MP iOS 5G";R$ 5.499,00
269;"Smartphone Xiaomi Redmi 13C Dual 256GB + 8GB RAM Tela 6.74"" + Câmera 50 Mpx PRETO";R$ 1.483,50
270;"Smartphone Infinix Hot 20 128GB Preto 5G MediaTek Dimensity 810 4GB RAM 6,6"" Câm. Dupla + Selfie 8MP Dual Chip";R$ 899,10
271;Smartphone Samsung Galaxy A14 128GB Prata;R$ 1.169,10
272;"Smartphone Samsung Galaxy S24+ 6,7"" Galaxy AI 512GB Cinza 5G 12GB RAM Câm. Tripla 50MP + Selfie 12MP Bateria 4900mAh Dual Chip";R$ 7.199,10
273;"Smartphone Samsung Galaxy A15 6,5"" 128GB Azul Claro 4GB RAM Câm. Tripla 50MP + Selfie 13MP 5000mAh Dual Chip";R$ 1.259,10
274;"Apple iPhone 15 Pro Max 512GB Titânio Natural 6,7"" 48MP iOS 5G";R$ 9.999,00
275;Smartphone Samsung Galaxy A22 128GB Branco 5G - Octa-Core 4GB RAM 6,6” Câm. Tripla + Selfie 8MP;R$ 2.185,00
276;Smartphone Samsung Galaxy A24, 128GB, 4GB RAM, Tela 6.5, Dual Chip, Câmera Tripla 50+5+2MP, Selfie 13MP - Preto;R$ 1.230,12
277;"Smartphone Motorola Moto G53 128GB Rosê 5G Octa-Core 4GB RAM 6,5"" Câm. Dupla + Selfie 8MP Dual Chip";R$ 1.240,63
278;Smartphone Samsung Galaxy A12 64GB Preto 4G;R$ 1.219,49
279;"Smartphone Motorola Moto G53 128GB Grafite 5G+ Octa-Core 4GB RAM 6,5"" Câm. Dupla + Selfie 8MP Dual C";R$ 1.399,70
280;Smartphone Samsung Galaxy S21 Ultra 256GB Preto 5G - 12GB RAM Tela 6,8” Câm. Quádrupla + Selfie 40MP;R$ 4.949,10
281;"Smartphone Samsung Galaxy A22 128 GB - Branco, 5G, Câmera Quadrupla 48MP + Selfie 8MP, RAM 4GB, Tela 6.6""";R$ 1.449,00
282;"Smartphone Motorola Moto G54 128GB Azul 5G 4GB RAM 6,5"" 16MP Dual Chip";R$ 1.079,90
283;Smartphone Motorola Moto E40 64GB Rosê 4GB RAM Tela 6,5” Câm. Tripla + Selfie 8MP;R$ 899,10
284;Smartphone Asus Zenfone 8 128GB Silver 5G;R$ 2.429,10
285;Smartphone xiaomi redmi note 11s 128gb azul;R$ 1.939,99
286;Smartphone Motorola Moto G73 128GB Azul 5G Octa-Core 8GB RAM 6,5” Câm. Dupla + Selfie 16MP Dual Chip;R$ 1.832,82
287;"Smartphone Samsung Galaxy A04e 64GB 3GB RAM Câmera dupla 13MP + 2MP Dual SIM Octa-Core 6.5"" Cobre";R$ 1.066,03
288;Smartphone Asus Zenfone 8 128GB Black 5G 8GB RAM Tela 5,92” Câm. Dupla + Selfie 12MP;R$ 2.429,10
289;Smartphone Samsung Galaxy A02 32GB Azul 4G Quad-Core 2GB RAM 6,5” Câm. Dupla + Selfie 5MP;R$ 629,10
290;"Smartphone Samsung Galaxy A14 5G 128GB 4GB RAM 6.6"" Prata";R$ 1.049,90
291;"Smartphone Motorola Moto G84 256GB Grafite 5G Snapdragon 695 8GB RAM 6,55"" Câm. Dupla + Selfie 16MP";R$ 1.842,03
292;Smartphone Samsung Galaxy A04e Tela Infinita 6,5 Polegadas 64GB e 3GB RAM;R$ 669,51
293;Smartphone X5 5G - 256GB/8GB - Cam 48MP - Snapdragon 695;R$ 1.797,21
294;"Smartphone Motorola Moto G54 128GB Azul 5G 4GB RAM 6,5"" Câm. Dupla + Selfie 16MP Dual Chip";R$ 1.415,23
295;Smartphone Realme C53 128GB - 6Gb ram Anatel Mighty Black com NFC;R$ 1.066,99
296;Smartphone Motorola Moto G14 4G 128GB 4GB RAM Câmera Dupla 50MP + 2MP Selfie 8MP Grafite;R$ 764,72
297;"Smartphone Motorola 5G EDGE 40 Neo, 6,5"" 256GB, Android 13, Preto";R$ 2.615,83
298;Smartphone Motorola Moto G54 5G 128GB + 4 GB RAM Camera 50 MP OIS + 2 MP Frontal 16MP Tela 6,5 IPS Bateria 5000 mAh;R$ 1.050,39
299;Smartphone Xiaomi Redmi Note 12 Dual SIM 128 GB Verde 4 GB RAM Câmera 50 Mpx + 13 Mpx;R$ 1.357,99
300;"Smartphone Samsung Galaxy S22 128GB Branco 5G Octa-Core 8GB 6,1"" RAM Câm. Tripla + Selfie 10MP Dual Chip";R$ 2.969,10
301;"Smartphone Motorola Razr 40 256GB Lilac 5G Snapdragon 8GB RAM 6,9"" Câm. Dupla + Selfie 64MP";R$ 3.599,10
302;Smartphone Samsung Galaxy A03 64GB Azul 4G Octa-Core 4GB RAM Tela 6,5” Câm. Dupla + Sefie 5MP;R$ 899,19
303;Smartphone X5 5G - 256GB/8GB - Cam 48MP - Snapdragon 695;R$ 1.797,21
304;Smartphone Samsung Galaxy S21 Ultra 256GB Prata 5G - 12GB RAM Tela 6,8” Câm. Quádrupla + Selfie 40MP;R$ 4.949,10
305;Smartphone Motorola Edge 30 Pro 256GB Azul;R$ 4.049,10
306;"Smartphone Motorola Moto E13 64GB Dual Chip 4G Tela 6.5"" Câmera Traseira 13MP GRAFITE";R$ 961,62
307;Apple iPhone 13 512GB Meia-noite Tela 6,1” 12MP;R$ 5.219,99
308;Smartphone Motorola Moto G200 256GB Verde 5G Octa-Core 8GB RAM 6,8” Câm. Tripla + Selfie 16MP;R$ 3.599,10
309;SMARTPHONE SAMSUNG GALAXY A34 5g 128GB 6GB Ram Violet;R$ 1.709,05
310;Smartphone Motorola Edge 30 Pro 256GB Branco;R$ 4.049,10
311;Celular Smartphone Xiaomi Redmi 13C 4/128gb Lançamento 2023 Global Preto;R$ 1.027,23
312;Smartphone Motorola Moto G14 Motorola Octa-core Tela 6'5 Hd Lilás;R$ 897,99
313;Smartphone 13c Dual Sim 128 Gb Preto 4 Gb Ram;R$ 1.260,03
314;Smartphone Motorola Moto G14 Motorola Octa-core Tela 6'5 Hd Grafite;R$ 868,48
315;"Smartphone Samsung Z Flip 5 256GB Grafite 5G Snapdragon 8GB RAM 6,7"" Câm. Dupla + Selfie 10MP Dual Chip";R$ 4.499,10
316;Smartphone Motorola Moto E32 64GB Rosé 4G;R$ 899,10
317;"Smartphone Motorola Moto E13 64GB Grafite 4G Octa-Core 4GB RAM 6,5"" Câm. 13MP + Selfie 5MP Dual Chip";R$ 809,85
318;Smartphone Motorola Moto G54 5G 6.5 Polegadas Octa Core 256GB 8GB RAM Câmera Tripla;R$ 1.199,90
319;Smartphone Samsung Galaxy A54, 5G, 128GB, 8GB RAM, Octa Core, Câmera Tripla de 50MP, Tela Infinita de 6.4, Verde Lima - SM-A546ELGLZTO;R$ 2.025,45
320;Smartphone Gamer Asus ROG Phone 5s 128GB Preto 5G 8GB RAM Tela 6,78” Câm. Tripla + Selfie 24MP;R$ 2.789,10
321;smartphone Xiaomi Redmi Note 12 Dual SIM 128 GB Cinza 6 GB RAM celular;R$ 1.584,98
322;Celular Smartphone Gamer 256GB + 8Ram 50MP Tecno Pova 5 Azul;R$ 1.320,50
323;"Smartphone Motorola Moto G53 5G 128GB - Grafite, RAM 4GB, Câmera 50MP, Selfie 8MP e Tela 6,5""";R$ 1.028,99
324;Smartphone Xiaomi Redmi 12 4G 128GB - 4GB Ram (Versao Global) (Midnight Black) Preto;R$ 1.260,99
325;Smartphone Motorola Moto G 5G 128GB Prata Prisma Octa-Core 6GB RAM 6,7” Câm. Tripla + Selfie 16MP;R$ 1.619,10
326;Smartphone Motorola Edge 30 Neo 256GB Preto 5G Octa-Core 8GB RAM 6,3” Câm. Dupla + Selfie 32MP;R$ 2.133,03
327;Smartphone Motorola One Fusion 64GB Azul Safira;R$ 899,99
328;Smartphone xiaomi redmi 10 5g tela 6,58'' 4gb+128gb cinza;R$ 1.357,99
329;"Smartphone Redmir Note 13 Pro 5G Global 256GB 8GB RAM Dual SIM Tela 6.67"" - Preto";R$ 3.288,20
330;Smartphone Samsung Galaxy A03 Core 32GB 4G Wi-Fi Tela 6.5'' Dual Chip 2GB RAM Câmera 8MP + Selfie 5MP - Verde;R$ 612,89
331;"Smartphone Xiaomi Redmi 12 Dual SIM de 256GB / 8GB RAM de 6.79"" 50 + 8 + 2MP / 8MP - Polar Silver";R$ 1.395,55
332;Smartphone Samsung Galaxy S22 256GB Rosé 5G 8GB;R$ 3.419,10
333;Smartphone Samsung Galaxy A23 5G Tela 6.6 Camera Quadrupla 4GB RAM 128GB Azul;R$ 1.745,03
334;"Apple iPhone 15 256GB Rosa 6,1"" 48MP iOS 5G";R$ 7.019,10
335;Smartphone Xiaomi Redmi Note12 BR, 128GB, 4GB RAM, Octa Core, Câmera 50MP, Tela 6.67, Verde - CX359VRD;R$ 1.469,90
336;"Smartphone Xiaomi Redmi 13C Dual 256GB + 8GB RAM Tela 6.74"" + Câmera 50 Mpx - VERDE (GLOBAL)";R$ 1.512,00
337;Smartphone poco x6 5g br 8gb+256gb, azul;R$ 2.812,99
338;Smartphone Xiaomi Redmi 12C 128GB - 4GB Ram (VERSAO GLOBAL) (Mint Green);R$ 930,23
339;Smartphone Xiaomi Redmi Note 12 Dual SIM 128 GB Cinza 4 GB RAM Câmera 50 Mpx Versao Global;R$ 1.238,69
340;Smartphone Infinix Hot 30, 8GB RAM, 256GB, Dual Chip, Preto;R$ 1.103,48
341;Smartphone Realme C53 4g 128gb - 6gb Ram;R$ 922,24
342;Smartphone Motorola Moto G22, 4GB RAM, 128GB, Octa Core, Câmera Quadrupla 50mp, Tela Max Vision 6.5, Azul - PATU0005BR;R$ 1.153,95
343;Smartphone Infinix Free Fire Limited Edition Full Hd 128gb 6gb Ram Tela 6.78'' Câm 50 Mp Android 11;R$ 970,65
344;Smartphone 13c 256gb 8ram - Preto Cx slim;R$ 1.260,03
345;Smartphone Xiaomi Redmi 12 -128GB 8GB RAM (versão global) - Preto;R$ 1.173,70
346;"Smartphone Motorola Razr 40 Ultra 256GB Magenta 5G Snapdragon Octa-Core 8GB RAM 6,9"" Câm. Dupla + Selfie 32MP";R$ 4.499,10
347;Apple iPhone 14 Plus 256GB Azul 6,7” 12MP;R$ 5.799,00
348;Smartphone Motorola Moto G84 256GB Viva Magenta Vegan Leather 5G Tela 6,55 Câmera Dupla 50MP Selfie 16MP Android 13;R$ 1.595,79
349;Smartphone Motorola One Fusion 128GB Verde - Esmeralda 4GB RAM 6,5” Câm. Quádrupla + Selfie 8MP;R$ 1.169,10
350;Apple iPhone 13 256GB Verde 6,1” 12MP iOS 5G;R$ 4.599,00
351;Smartphone Xiaomi Redmi Note 12 4G -128GB - 4GB Ram (Versao Global) (Mint Green);R$ 1.201,83
352;"Smartphone Samsung Z Flip 5 256GB Verde Claro 5G Snapdragon 8GB RAM 6,7"" Câm. Dupla + Selfie 10MP Dual Chip";R$ 4.139,10
353;Celular Smartphone Xiaomi Redmi 13C 4G 128GB - 6GB Ram (Versao Global) (Blue);R$ 1.046,63
354;Samsung Galaxy S23 FE 5G Smartphone Android 256GB Verde;R$ 3.149,10
355;Smartphone Motorola Edge 20 128GB Branco 5G 8GB RAM Tela 6,7” Câm. Tripla + Selfie 32MP;R$ 1.889,10
356;Smartphone Xiaomi Redmi 12 4G 128GB - 4GB Ram (Versao Global) (Sky Blue) Azul;R$ 1.260,99
357;Apple iPhone 14 Plus 256GB Meia-noite 6,7” 12MP;R$ 5.799,00
358;Smartphone 13c 256gb 8gb ram - Azul;R$ 1.202,80
359;Smartphone Xiaomi Redmi Note 12 4G -128GB - 4GB Ram (Versao Global) (Mint Green);R$ 1.201,83
360;"Apple iPhone 15 Plus 128GB Azul 6,7"" 48MP iOS 5G";R$ 6.799,00
361;"Apple iPhone 15 256GB Preto 6,1"" 48MP iOS 5G";R$ 7.019,10
362;"Smartphone Xiaomi POCO X5 Pro 5G 8GB 256GB 6,67"" FHD+ 108MP 5000mAh Global";R$ 2.909,99
363;Celular Smartphone Xiaomi Redmi 13C 4G 128GB - 6GB Ram (Versao Global) (Blue);R$ 1.046,63
364;Smartphone xiaomi redmi note 13 br 8gb+256gb, azul;R$ 1.939,99
365;"Smartphone Samsung Galaxy A32 A325M 128GB 4GB RAM Tela 6.4""";R$ 1.737,15
366;Smartphone LG K52 64GB Cinza 4G Octa-Core 3GB RAM Tela 6,6” Câm. Quádrupla + Selfie 8MP Dual Chip;R$ 989,99
367;"Smartphone Samsung Galaxy S24 6,2"" Galaxy AI 256GB Creme 5G 8GB RAM Câm. Tripla 50MP + Selfie 12MP Bateria 4000mAh Dual Chip";R$ 5.849,10
368;Smartphone Motorola Moto G9 Play 64GB Rosa Quartzo - 4G Octa-Core 4GB RAM 6,5” Câm. Tripla + Selfie 8MP;R$ 1.306,79
369;Smartphone 13c 256gb 8gb ram Preto;R$ 1.202,80
370;Telefone Celular Ideal Para Idoso Simples P28 Teclado Grande;R$ 198,26
371;Smartphone Samsung Galaxy A34, 5G, 128GB, 6GB RAM, Octa Core, Câmera Tripla de 48MP, Tela Infinita de 6.6, Violeta - SM-A346MLVLZTO;R$ 1.679,99
372;Apple iPhone 13 256GB (PRODUCT)RED Tela 6,1” 12MP;R$ 4.599,00
373;"Smartphone Samsung Galaxy S22 128GB Verde 5G Octa-Core 8GB 6,1"" RAM Câm. Tripla + Selfie 10MP Dual Chip";R$ 2.969,10
374;Smartphone Motorola Moto G84 256GB Grafite 5G Tela 6,55 Câmera Dupla 50MP Selfie 16MP Android 13;R$ 1.595,79
375;Lançamento Smartphone Redmi Note 12 4G Azul 128 GB+4 GB RAM + 12 meses de garantia! - Xiaomi;R$ 1.193,09
376;Smartphone Xiaomi Redmi Note 12S 256GB / 8GB RAM Câmera de 108MP + 8 + 2MP / 16MP;R$ 2.036,99
377;"Smartphone Samsung Galaxy S24+ 6,7"" Galaxy AI 512GB Violeta 5G 12GB RAM Câm. Tripla 50MP + Selfie 12MP Bateria 4900mAh Dual Chip";R$ 7.199,10
378;Smartphone Xiaomi Redmi Note 12 128GB - 4GB Ram - Versao Global (Onyx Gray);R$ 1.201,83
379;Smartphone Real C55 256 - 8Gb Amarelo;R$ 1.195,99
380;Smartphone xiaomi redmi note 13 pro 5g br 8gb+256gb, azul;R$ 3.200,99
381;"Smartphone Samsung Galaxy A14 128GB Prata 5G Octa-Core 4GB RAM 6,6"" Câm. Tripla + Selfie 13MP";R$ 1.115,50
382;Smartphone Xiaomi Redmi 12 4G 128GB - 8GB Ram (Versao Global) (Sky Blue) Azul;R$ 1.183,39
383;Smartphone TCL L5 16GB Preto 4G Quad-Core;R$ 359,99
384;Celular Smartphone Philco Hit P8 32gb 3gb Ram Dark Blue 6'';R$ 399,90
385;Smartphone LG K51S 64GB Vermelho 4G Octa-Core 3GB RAM 6,55” Câm. Quádrupla + Selfie 13MP;R$ 944,99
386;Celular Smartphone Xi Red 12C 128GB 4GB Ram Dual Sim;R$ 854,27
387;Smartphone xiaomi redmi 10a 3gb 64gb cinza;R$ 872,99
388;Smartphone C25Y 128GB/4Ram Azul;R$ 910,47
389;Smartphone Samsung Galaxy A14 5G Octa-core 4gb Ram 64gb;R$ 897,99
390;Smartphone Realme C55 8Gb Ram 256 Gb Rom- Sunshower Dourado;R$ 1.215,91
391;"Smartphone Samsung Z Flip 5 512GB Grafite 5G Snapdragon 8GB RAM 6,7"" Câm. Dupla + Selfie 10MP Dual";R$ 5.997,00
392;Smartphone Samsung Galaxy A54 Tela 64 Polegadas 128GB 8GB RAM;R$ 1.980,81
393;Smartphone Xiaomi POCO X5 5G 128GB Memory 6GB RAM , 5000mAh 48MP+13MP CAM Global;R$ 1.909,93
394;Lançamento Smartphone Redmi Note 12 4G Azul 128 GB+4 GB RAM + 12 meses de garantia! - Xiaomi;R$ 1.212,49
395;Smartphone Tecno Spark 10 5G 64gb 4gb Azul;R$ 1.158,78
396;Smartphone Multilaser G 3 4G 6.1 HD+ 32GB 2GB RAM Câmera 8MP P9177 - Preto;R$ 379,05
397;Smartphone Realme C55 256/8Gb Ram - Preto Cor:Preto;R$ 1.178,32
398;Smartphone Samsung Galaxy A10s 32GB Preto;R$ 938,69
399;Smartphone C30s 64/3Ram Azul;R$ 836,07
400;Smartphone Moto Edge 40 NEO 5G 256gb 8Gb Ram Peach Fuzz;R$ 2.424,03
401;Smartphone Samsung Galaxy S21+ 256GB Violeta 5G 8GB RAM Tela 6,7” Câm. Tripla + Selfie 10MP;R$ 4.139,10
402;Smartphone Realme 11 Pro + 5G+ 512gb+12gb RAM ANATEL. OASIS GREEN.;R$ 2.815,99
403;Smartphone Xiaomi Redmi Note 12 128Gb 4/Ram Preto lacrado;R$ 1.260,99
404;"Smartphone Samsung Galaxy A14 64GB Preto 5G Octa-Core 4GB RAM 6,6"" Câm. Tripla + Selfie 13MP Dual Ch";R$ 899,99
405;Smartphone Xiaomi Redmi 10 128GB Prata 5G Octa-Core 4GB RAM 6,58” Câm. Dupla + Selfie 5MP;R$ 1.066,99
406;Smartphone Redmi 12 8gb 256gb;R$ 1.531,63
407;"Smartphone Umidigi A11 Dual Sim Lte 6.53"" 3GB/64GB Termometro Ir Blue";R$ 1.801,80
408;Smartphone Samsung Galaxy S23 FE 5G 256GB Verde, RAM 8GB, Processador Octa Core, Câmera Tripla Traseira de 50MP +12MP + 10MP, Selfie de 12MP, Tela 6.4;R$ 3.349,00
409;Smartphone Samsung Galaxy S21+ 128GB Violeta 5G - 8GB RAM Tela 6,7” Câm. Tripla + Selfie 10MP;R$ 3.779,10
410;Smartphone Redmi 12 5G 128GB ROM 4GB RAM;R$ 1.648,90
411;Smartphone Xiaomi Redmi 9A 32GB Cinza 4G Octa-Core - 2GB RAM 6,53” Câm. 13MP + Selfie 5MP Dual Chip;R$ 947,69
412;Smartphone Realme 11X 5G - 128GB - 8GB Ram (Versao Global);R$ 1.581,00
413;"Apple iPhone 15 128GB Amarelo 6,1"" 48MP iOS 5G";R$ 5.499,00
414;Smartphone xiaomi redmi note 12 pro 5g 256gb preto;R$ 2.327,99
415;"Apple iPhone 15 128GB Amarelo 6,1"" 48MP iOS 5G";R$ 5.499,00
416;"Smartphone Redmir Note 12 Pro Global 256GB 8GB RAM Dual SIM Tela 6.67"" - Azul";R$ 2.113,24
417;Lançamento Smartphone Redmi Note 12 Pro 5G Branco 256 GB+8 GB RAM + 12 meses de garantia! - Xiaomi;R$ 2.376,49
418;Smartphone Motorola Moto E32 64GB Azul 4G;R$ 899,10
419;Smartphone Motorola Moto Edge 40 5G 256GB 8GB RAM Tela 6.55” Câm. Traseira 50MP + 13MP Frontal 32MP- Viva Magenta;R$ 2.519,10
420;Smartphone Tecno Pova 5 Black 4G Dual SIM 256gb 16GB* + Fone Gamer Bluetooth e Pelicula;R$ 1.319,12
421;Smartphone Samsung Galaxy A54 SM-A546EZKLZTO 5G 128GB Preto;R$ 1.939,03
422;Smartphone Realme 11 Pro Plus 5G - 256GB - 8GB Ram (Sunrise Beige);R$ 2.434,08
423;Celular Smartphone Xiaomi Redmi 13C 4G 128GB - 6GB Ram (Versao Global) (Midnight Black);R$ 1.046,63
424;Smartphone Samsung Galaxy A24, 128GB, 4GB RAM, Tela 6.5, Dual Chip, Câmera Tripla 50+5+2MP, Selfie 13MP - Preto;R$ 1.169,00
425;Smartphone Noti 12S 256GB - 8GB Ram tela de 6.43 Câmera Frontal 16 MP Versão Global) BLUE Azul-Redm;R$ 1.821,95
426;"Smartphone Asus Rog Phone 6 256GB Branco 5G Snapdragon SM8475 8GB RAM 6,78"" Câm. Tripla + Selfie 12MP";R$ 4.499,10
427;Smartphone INFINIX NOTE 30 5G 8GB RAM 256GB Câmera Tripla 108MP Sound by JBL 6,78” FHD+ - Preto;R$ 1.673,07
428;Smartphone Xiaomi POCO X5 5G 256GB Memory 8GB RAM , 5000mAh 48MP+13MP CAM Global Azul;R$ 2.230,03
429;Smartphone Samsung Galaxy Z Flip4 256GB Violeta 5G Octa-Core 8GB RAM Câm. Dupla + Selfie 10MP;R$ 4.231,31
430;Smartphone Xiaomi Redmi 12 4G 256GB - 8GB Ram (Versao Global) (Polar Silver) Prata;R$ 1.551,03
431;Smartphone Samsung Galaxy A34, 5G, 128GB, 6GB RAM, Octa Core, Câmera Tripla de 48MP, Tela Infinita de 6.6, Prata - SM-A346MZSLZTO;R$ 1.679,99
432;"Smartphone Samsung Galaxy A15 6,5"" 256GB Verde Claro 8GB RAM Câm. Tripla 50MP + Selfie 13MP 5000mAh Dual Chip";R$ 1.529,10
433;Smartphone Motorola One Fusion 64GB Verde - Esmeralda 4G 4GB RAM Tela 6,5” Câm. Quádrupla;R$ 899,91
434;Smartphone LG K41S 32GB Titânio 4G Octa-Core 3GB RAM 6,55” Câm. Quádrupla + Selfie 8MP;R$ 899,99
435;"Smartphone Samsung Galaxy A54 256GB - Branco, 5G, Câmera Tripla 50MP + Selfie 32MP, RAM 8GB, Tela 6.4""";R$ 2.329,00
436;Smartphone Xiaomi Redmi 12C 128GB - 4GB Ram (Versao Global) (Roxo);R$ 930,23
437;Smartphone Redmi 12 5G 128GB ROM 4GB RAM;R$ 1.648,03
438;Smartphone Samsung Galaxy M53 128GB Azul 5G;R$ 2.715,03
439;Smartphone Samsung Galaxy S21 FE 128GB Preto 5G;R$ 3.052,59
440;"Smartphone Samsung Galaxy A34 256GB 5G - Preto, Câmera Tripla 48MP + Selfie 13MP, RAM 8GB, Tela Inifinita 6.6""";R$ 1.869,00
441;Smartphone Realme C53 128GB - 6Gb Ram (Versao Global) (Mighty Black);R$ 1.066,99
442;Smartphone Redmi 13C 8GB RAM 256GB ROM;R$ 1.551,99
443;"Smartphone samsung galaxy s23 ultra 512gb 5g com caneta s pen - preto, câmera quádrupla 200mp + selfie 12mp, ram 12gb, tela 6.8""";R$ 8.021,15
444;Smartphone Motorola Edge 20 128GB Verde 5G 8GB RAM Tela 6,7” Câm. Tripla + Selfie 32MP;R$ 2.069,10
445;Smartphone Samsung Galaxy A34, 5G, 128GB, 6GB RAM, Octa Core, Câmera Tripla de 48MP, Tela Infinita de 6.6, Preto - SM-A346MZKLZTO;R$ 1.679,99
446;Celular Smartphone C55 4G Dual Sim 256Gb 8Gb Ram - Black - Blu;R$ 1.263,41
447;Smartphone Redmi 12 8gb 256gb;R$ 1.531,63
448;Smartphone Lenovo Legion Phone Duel 256GB - Vengeance Red 5G 12GB RAM 6,65” Câm. Dupla;R$ 2.969,10
449;Smartphone Samsung Galaxy A24 6.5 Polegadas 128GB 4GB RAM;R$ 1.163,90
450;"Smartphone Motorola Moto G100 5G Dual Sim 6.7"" 8GB/128GB Verde";R$ 3.395,00
451;Smartphone Motorola Moto G22, 128GB, 4GB RAM, Octa Core, Câmera Quadrupla 50MP, Tela Max Vision de 6.5, Preto - PATU0004BR;R$ 1.153,95
452;"Smartphone Motorola Moto G54 5G 128GB 4GB RAM Câmera 50MP OIS + 2MP Selfie 16MP 6.5"" Azul";R$ 1.055,12
453;Smartphone Samsung Galaxy S22+256GB Branco 5GB 8GB;R$ 4.679,10
454;Smartphone Samsung Galaxy A01 32GB Preto 4GB - 2GB RAM Tela 5,7 Câm. Dupla + Câm. Selfie 5MP;R$ 999,00
455;Smartphone Motorola G8 Plus 64GB Cereja 4G;R$ 1.277,99
456;Smartphone xiaomi redmi note 12 pro 5g 256gb azul;R$ 3.588,99
457;"Smartphone Asus Zenfone 9 128GB 5G Octa Core Snapdragon 8+Gen1 8GB 5,92"" Câm Dupla + Self 12MP Sun.Red";R$ 2.974,15
458;Smartphone Multilaser F Pro 2 Dual Sim 32 Gb Preto 1 Gb Ram;R$ 699,70
459;"Smartphone Samsung Galaxy S10 Plus Azul 128GB Dual Chip Tela 6,4"" OctaCore Câmera Traseira Tripla";R$ 4.170,03
460;Smartphone Samsung Galaxy S20 FE 128GB Cloud Navy - 4G 6GB RAM Tela 6,5” Câm. Tripla + Selfie 32MP;R$ 3.395,00
461;"Smartphone Galaxy A14 5G, Verde, 64GB, Tela 6.6"", Câmeras 50MP+2MP+2MP, SAMSUNG SAMSUNG";R$ 927,09
462;"Smartphone Philco Hit P8, 3GB RAM, 32GB, Octa Core, Câmera 13MP, Tela Infinita com 6"" - Preto";R$ 439,00
463;Smartphone xiaomi redmi 13c 8gb 256gb azul;R$ 1.357,99
464;Smartphone Galaxy A03 Core 32GB 4G Tela 6,5 Pol Câmera 8MP Selfie 5MP Samsung;R$ 605,97
465;"Apple iPhone 15 256GB Azul 6,1"" 48MP iOS 5G";R$ 7.019,10
466;Celular Smartphone Xiaomi Redmi Note 12 4G 128GB 6GB Ram (VERSAO GLOBAL) (Ice Blue);R$ 1.318,23
467;Celular Smartphone Positivo Twist 4 PRO S518 64GB 1GB 5,5'' Preto;R$ 360,40
468;Smartphone Xiaomi Redmi Note 12 128GB - 4GB Ram - Versao Global;R$ 1.415,23
469;Smartphone Samsung Galaxy A14 128GB Preto;R$ 950,60
470;Smartphone Motorola Moto G9 Plus 128GB Azul Índigo Octa-Core 4GB RAM 6,8” Câm. Quádrupla+Selfie 16MP;R$ 1.743,29
471;Smartphone Celular Telefone Para Idoso Vovô Vovó 32GB 2 Chips 3G Letras Números Grandes;R$ 719,91
472;Smartphone xiaomi redmi 13c 8gb 256gb preto;R$ 1.328,89
473;Smartphone Samsung Galaxy S20 Ultra 512GB Cosmic;R$ 7.649,10
474;"Smartphone Samsung Galaxy S23 Plus 256GB 5G - Preto, Câmera Tripla 50mp + Selfie 12MP, RAM 8GB, Tela 6.6""";R$ 5.222,75
475;Smartphone xiaomi redmi 13c 8gb 256gb preto;R$ 1.328,89
476;Smartphone Moto G34 5G 256Gb 8Gb Ram Verde Vegan Leather;R$ 1.648,03
477;Smartphone Samsung Galaxy S23 FE 5G 256GB Grafite, RAM 8GB, Processador Octa Core, Câmera Tripla Traseira de 50MP +12MP + 10MP, Selfie de 12MP, Tela 6;R$ 3.349,00
478;Smartphone poco m4 5g tela 6,58'' 6gb+128gb preto;R$ 1.939,99
479;"Smartphone Asus ROG Phone 6 256GB 5G Octa Core Snapdragon 8+Gen1 8GB 6,78"" CâmTripla+Self 12MP BK";R$ 3.824,15
480;Celular Smartphone Xiaomi Redmi 13C 4G 128GB - 6GB Ram (Versao Global) (Glover Green);R$ 1.133,93
481;Smartphone Realme C51 128GB - 4Gb Ram (Versao Global)- Carbon black;R$ 721,60
482;Smartphone Redmi 13C 8GB RAM 256GB ROM;R$ 1.551,99
483;Smartphone Samsung Galaxy S22+ 256GB Rosé 5GB 8GB;R$ 4.679,10
484;"Smartphone Motorola Moto G53 5G 128GB 4G RAM Câmera Dupla 50MP Tela 6.5"" Rose";R$ 1.458,78
485;Smartphone Xiaomi Redmi 12C 128GB - 4GB Ram (Cinza);R$ 930,23
486;"Smartphone Samsung Galaxy S24+ 6,7"" Galaxy AI 512GB Creme 5G 12GB RAM Câm. Tripla 50MP + Selfie 12MP Bateria 4900mAh Dual Chip";R$ 7.199,10
487;Smartphone Xiaomi Redmi 13C 4G 256GB - 8GB Ram (Versao Global) (Clover Green) Verde - Xioami;R$ 1.260,99
488;Smartphone Motorola Moto Edge 40 5G 256GB 8GB RAM Tela 6.55” Câm. Traseira 50MP + 13MP Frontal 32MP- Preto;R$ 2.519,10
489;"Smartphone Samsung Galaxy A15 6,5"" 128GB Azul Escuro 5G 4GB RAM Câm. Tripla 50MP + Selfie 13MP 5000mAh Dual Chip";R$ 1.529,10
490;"Smartphone Umidigi A11 Dual Sim Lte 6.53"" 3GB/64GB Termometro Ir Blue";R$ 1.945,13
491;"Smartphone Samsung Galaxy A24, 128GB, 4GB RAM, Tela Infinita de 6.5"" Dual Chip";R$ 1.429,30
492;Smartphone Samsung Galaxy A52 128GB Branco 4G - 6GB RAM Tela 6,5 Câm. Quádrupla + Selfie 32MP;R$ 2.424,99
493;"Smartphone Samsung Galaxy A25 6,5"" 256GB Azul Escuro 5G 8GB RAM Câm Tripla 50MP + Selfie 13MP Bateria 5000mAh Dual Chip";R$ 2.069,10
494;Smartphone Xiaomi Redmi Note 12 128GB - 4GB Ram - Versao Global;R$ 1.415,23
495;"Smartphone Redmir Note 13 4G Global 256GB 8GB RAM Dual SIM Tela 6.67""";R$ 2.113,15
496;"Smartphone Xiaomi Redmi 13C Dual 256GB + 8GB RAM (GLOBAL) Tela 6.74"" + Câmera 50 Mpx";R$ 1.512,00
497;"Smartphone Samsung Galaxy A25 6,5"" 256GB Azul 5G 8GB RAM Câm Tripla 50MP + Selfie 13MP Bateria 5000mAh Dual Chip";R$ 2.069,10
498;"Smartphone Motorola Moto G53 128GB Azul 5G Octa-Core 4GB RAM 6,5"" Câm. Dupla + Selfie 8MP Dual Chip";R$ 1.018,49
499;Smartphone Samsung Galaxy A54 Tela 64 Polegadas 128GB 8GB RAM;R$ 1.980,81
500;Smartphone Motorola Edge 30 Ultra 256GB Preto 5G 12GB RAM 6,7” Câm. Tripla + Selfie 60MP;R$ 7.918,68
501;"Smartphone Xiaomi Redmi Note 10 5G Tela 6,5"" 4GB 128GB Bateria 5000mAh Câmeras de 48+2+2MP Cinza";R$ 2.094,23
502;Smartphone Realme C67 256gb 8gb Ram Global Nfc Cam 108mp - Lançamento - Verde;R$ 1.257,52
503;"Smartphone Samsung Galaxy S22 256GB Rosé 5G Octa-Core 8GB 6,1"" RAM Câm. Tripla + Selfie 10MP Dual Chip";R$ 3.419,10
504;LANÇAMENTO Smartphone Redmi Note 12 4G cinza 128GB 4GB RAM GLOBAL - XIAOMI;R$ 1.260,99
505;Smartphone Realme C67 256gb 8gb Ram Global Nfc Cam 108mp - Lançamento - Preto;R$ 1.248,72
506;Celular Telefone Idosos Nokia 105 Com Sinal 4G Rádio FM Mp3 Jogos Lanterna;R$ 359,91
507;Smartphone Samsung Galaxy A53 128GB Branco 5G;R$ 2.249,10
508;Smartphone Multi G 3 4G 32GB Wi-Fi Tela 6.1 Pol. 2GB RAM Preto - P9177;R$ 399,00
509;"Smartphone Xiaomi Redmi 13C Dual 256GB + 8GB RAM (GLOBAL) Tela 6.74"" + Câmera 50 Mpx";R$ 1.512,00
510;"iPhone 13 Apple 256GB Verde, Tela de 6,1"", 5G, Câmera Dupla de 12MP, iOS - MNGL3BR/A";R$ 4.829,99
511;Celular Smartphone C55 4G Dual Sim 256Gb 8Gb Ram - Sunshower - Realme (ANATEL);R$ 1.078,00
512;"Smartphone Samsung Galaxy A15 6,5"" 128GB Azul Claro 5G 4GB RAM Câm. Tripla 50MP + Selfie 13MP 5000mAh Dual Chip";R$ 1.529,10
513;Smartphone Samsung Galaxy M53 128GB Verde 5G;R$ 1.899,99
514;Smartphone Realme C55 256/8Gb Ram - Dourado - 1 Ano de garantia no Brasil -;R$ 1.187,12
515;Smartphone Motorola Edge 128GB Solar Black 6GB RAM Tela 6,7” Câm. Quádrupla + Selfie 25MP;R$ 1.979,10
516;Smartphone Moto E22 128gb 4gb Ram Azul;R$ 919,77
517;Smartphone Samsung Galaxy S21 FE 128GB Violeta 5G 6GB RAM Tela 6,4” Câm. Tripla + Selfie 32MP;R$ 3.605,36
518;Smartphone Samsung Galaxy A22 128GB Verde 4G - 4GB RAM Tela 6,4” Câm. Quádrupla + Selfie 13MP;R$ 1.400,00
519;Apple iPhone 14 Plus 256GB (Product)RED 6,7” 12MP;R$ 5.799,00
520;Smartphone multilaser e 2 3g 32gb tela 5 dual p9149 dourado;R$ 323,76
521;Smartphone Infinix Hot 30 Tela 6,7 Polegadas 256GB 8GB RAM;R$ 1.283,31
522;Smartphone Xiaomi Redmi Note 12 Dual SIM 128 GB Azul 4 GB RAM Câmera 50 Mpx + 13 Mpx Frontal;R$ 1.309,49
523;Smartphone Galaxy M54 5G (128GB) - Prata + Galaxy Watch6 BT 40mm - Grafite;R$ 2.969,10
524;Smartphone Motorola Moto G14 4G 6.5 Polegadas Octa Core 128GB 4GB Câmera Dupla;R$ 739,90
525;"Smartphone Xiaomi Redmi 10C Dual SIM de 64GB / 3GB RAM de 6.71"" 50 + 2MP / 5MP";R$ 1.067,00
526;Smartphone Samsung Galaxy S23, 5G, 256GB, 8GB RAM, Octa Core, Câmera Tripla 50MP, Tela Infinita de 6.1, Verde - SM-S911BZGSZTO;R$ 3.832,49
527;"Iphone 12 Apple 128GB Preto, Tela 6.1"", Câmera 12MP + Selfie 12MP - MGJA3BR/A";R$ 3.883,94
528;Realme Celular Smartphone C53 4G Dual Sim 128Gb 6Gb Ram;R$ 1.130,41
529;"Smartphone Samsung Galaxy A15 4G 128GB 4GB RAM Octa-Core MediaTek Câmera Tripla + Selfie 13MP Tela 6.5"" Dual Chip-Azul Escuro";R$ 1.189,15
530;Smartphone Gamer Tecno Pova 5 256gb + 8gb Ram 50mp;R$ 1.251,00
531;"Smartphone Motorola Moto G54 5G, 4GB RAM, 128GB, Octa-Core, Câmera 50MP, Tela de 6.5"" FHD, Azul - PAYS0046BR";R$ 1.091,99
532;Smartphone Motorola Moto G9 Plus, 128GB, 4GB RAM, Octa Core, Câmera Quádrupla 64MP, Tela 6.8, Azul Índigo - Xt2087-1;R$ 3.209,68
533;"Apple iPhone 15 256GB Verde 6,1"" 48MP iOS 5G";R$ 7.019,10
534;Smartphone Samsung A135M Galaxy A13 128GB 4GB RAM Octa Core Tela 6,6 Branco;R$ 1.143,63
535;Smartphone Samsung Galaxy A34, 5G, 128GB, 6GB RAM, Octa Core, Câmera Tripla de 48MP, Tela Infinita de 6.6, Verde Lima - SM-A346MLGLZTO;R$ 1.679,99
536;Celular Gradiente Para Idoso Vibe 205P Dual Chip Rádio Fm;R$ 239,00
537;Smartphone xiaomi redmi 12 5g 4gb+128gb preto;R$ 1.648,99
538;"Smartphone Samsung Galaxy A15 6,5"" 128GB Verde Claro 5G 4GB RAM Câm. Tripla 50MP + Selfie 13MP 5000mAh Dual Chip";R$ 1.529,10
539;"Apple iPhone 15 256GB Amarelo 6,1"" 48MP iOS 5G";R$ 7.019,10
540;"Smartphone Xiaomi Redmi 10A Dual SIM de 128GB / 4GB RAM de 6.53"" 13 + 2MP / 5MP";R$ 1.260,99
541;"Smartphone Samsung A12 Vermelho Octa Core 2GHz Dual Chip 4G RAM 4GB/64GB Armazenamento Tela 6.5"" Câmera 48MP+5MP+2MP+2MP Frontal 8MP";R$ 2.020,32
542;Smartphone Samsung Galaxy A22 128GB Branco 5G - Octa-Core 4GB RAM 6,6” Câm. Tripla + Selfie 8MP;R$ 2.037,00
543;"Smartphone Samsung Galaxy A04s 4GB RAM 64GB Câmera Tripla 6,5"" Preto";R$ 996,09
544;Celular Smartphone Motorola Moto G32 128GB/8GB RAM Silver;R$ 1.445,30
545;"Smartphone Redmir Noti 13 4G Global 128GB 6GB RAM Dual SIM Tela 6.67""";R$ 1.766,82
546;"Smartphone Asus Rog Phone 6D Ultimate 512GB Cinza 5G Mediatek 16GB RAM 6,78"" Câm. Tripla + Selfie 12MP Dual Chip";R$ 8.549,10
547;Smartphone Samsung Galaxy A14 128GB Verde Lima 5G Octa-Core;R$ 1.772,91
548;Smartphone Xiaomi POCO X5 5G (Global) 256GB Memory 8GB RAM , 48MP+13MP CAM (azul) - Xiaomi pocophone;R$ 1.939,99
549;Smartphone Samsung Galaxy A53 128GB Preto 5G - 8GB RAM 6,5” Câm. Quádrupla + Selfie 32MP;R$ 2.962,96
550;"Smartphone Samsung Galaxy A05 4G 128GB 4GB RAM Tela 6,7"" HD+ Câmera 50MP + 2MP Frontal 8MP Verde";R$ 718,20
551;"iPhone 14 Apple 256GB Estelar, Tela de 6,1"", 5G, Câmera Dupla de 12MP, iOS - MPW43BR/A";R$ 5.983,96
552;Celular Smartphone C55 4G Dual Sim 256Gb 8Gb Ram Sunshower;R$ 1.263,41
553;Smartphone Motorola Moto e13 64GB 4GB RAM Câmera 13MP + Selfie 5MP Tela 6.5 Dual SIM - Off White;R$ 597,52
554;Celular Smartphone C55 4G Dual Sim 256Gb 8Gb Ram - Black - Blu;R$ 1.212,49
555;Smartphone poco x6 5g br 8gb+256gb, preto;R$ 2.812,99
556;"Smartphone Samsung Galaxy A15 6,5"" 256GB Azul Claro 5G 8GB RAM Câm. Tripla 50MP + Selfie 13MP 5000mAh Dual Chip";R$ 1.799,10
557;Celular Simples Idoso Multilaser Up Play Chips;R$ 307,29
558;Celular Multilaser Flip Vita Ideal para Idoso Teclas Grandes 32MB P9020 AZUL;R$ 208,99
559;"Smartphone Pco F5 Pro PRETO 5G 512GB / 12GB RAM / Dual SIM / Tela 6.67"" / Câmera Tripla";R$ 4.170,03
560;Celular Simples Multilaser Up Play Ligação, Sms, Câmera;R$ 303,00
561;Telefone Celular Ideal Para Idoso Simples P28 Teclado Grande;R$ 198,77
562;Celular Telefone Do Idoso Simples 2 Chips Toca Mp3 Radio Fm - Multilaser;R$ 170,05
563;Kit Gravação de Vídeo Profissional Ring Light Led Anel Iluminador Tripé Acessórios Para Celular Universal Smartphone;R$ 145,39
564;Usado: iPhone 7 128GB Vermelho Muito Bom - Trocafone;R$ 764,54
565;Smartphone Xiaomi Redmi Note 13 8+256G Global Version Powerful Snapdragon GREEN;R$ 1.899,05
566;Telefone Celular para Idosos e Trabalho Dual Chip Câmera 3G Longa Duração Positivo P38;R$ 208,05
567;Smartphone Infinix Smart 7 Tela 6,6 Polegadas 64GB 3GB RAM;R$ 688,11
568;Kit chaves de precisao estojo chave profissional conserto celular câmera;R$ 19,99
569;Carregador Portatil Power Bank 20000mah Visor Digital Pineng;R$ 161,10
570;Celular Simples Multilaser Up Play Câmera Traseira 32Mb;R$ 312,61
571;Capa Capinha Carteira Para Celular Iphone 7/8 Plus;R$ 21,84
572;Smartphone xiaomi redmi note 11 128gb azul;R$ 1.648,99
573;Usado: Samsung Galaxy S22 Ultra 5G 256GB Branco Excelente - Trocafone;R$ 3.430,54
574;Smartphone Nokia C30 64GB Verde 4G Octa-Core 2GB RAM 6,82” Câm. Dupla + Selfie 5MP Dual Chip;R$ 629,10
575;Usado: Iphone 14 Plus 128GB Azul Excelente - Trocafone;R$ 4.367,94
576;Samsung Galaxy A14 4G Dual SIM 64 GB black 4 GB RAM;R$ 2.199,90
577;Usado: iPhone 8 Plus 64GB Cinza Espacial Excelente - Trocafone;R$ 1.185,94
578;Celular Smartphone Multilaser G 2 32gb 2gb Ram 6,1'' Preto;R$ 399,00
579;Capa Capinha Celular Compatível Galaxy S24 Ultra Samsung;R$ 24,45
580;Zhiyun Smooth Q3 Combo Estabilizador de 3 Eixos p Smartphone;R$ 867,83
581;"Smartphone Samsung Galaxy A05 SM-A055M 128GB 4GB RAM Dual SIM Tela 6.7""";R$ 1.317,16
582;Capa Anti Queda Samsung Galaxy A10 A20 A30 A40 A50 Reforçada;R$ 13,50
583;Aparelho Celular Simples Câmera Traseira Multilaser Up Play;R$ 325,43
584;Smartphone Samsung Galaxy A03 Core, 6,5”, 32GB, Android, Cobre;R$ 567,77
585;Carregador Bateria Portatil Power Bank Pineng 20000;R$ 130,17
586;Película Privacidade 9d de Cerâmica Para iPhone 11;R$ 20,22
587;Capa Protetora Anti-impacto Premium para o Samsung Galaxy Z Flip 5;R$ 136,80
588;Carregador Turbo 20W Fonte USB-C Compatível Iphone 11 12 13 Pro Max X XR XS;R$ 116,91
589;Celular Multilaser Up Play Preto Dual Sim -;R$ 306,38
590;Capa Capinha Celular Personalizada Compatível Samsung A14 5G;R$ 24,45
591;Capa De Celular Feminina Samsung M30 Cód.1069;R$ 29,36
592;Capa De Celular Feminina Samsung S20 Fe Cód. 291;R$ 29,36
593;Capa para samsung galaxy s22 ultra - clear proof - gshield;R$ 96,97
594;Capinha Celular Modelo Motorola One Zoom;R$ 29,00
595;Suporte De Celular Para Moto com Carregador USB Universal Modelo Drone;R$ 36,76
596;Capa do Celular do Z Fold 3 com 2 Partes Dobravel Case;R$ 472,41
597;Capa Para Samsung Galaxy A34 5G - Defender - Gshield;R$ 88,77
598;Kit 3 em 1 Capa + Película Privativa + Fone para Samsung Galaxy A54;R$ 40,46
599;Capa de celular a14;R$ 38,80
600;Capa Capinha Celular Compatível Galaxy M52 Samsung;R$ 24,45
601;Capa De Celular Feminina Samsung A10 S Cód.811;R$ 29,36
602;Suporte de celular magnético para carro Ecooda - EC9027;R$ 20,90
603;Capa Galaxy S22 Ultra com Proteção de Câmera Lisa;R$ 23,48
604;Capa De Celular Feminina Samsung J7 Neo Cód.038;R$ 29,36
605;Película de Vidro Novo Tablet Samsung S6 Lite P613 P619 2022;R$ 37,73
606;Capa Capinha Case Aveludada Anti Impacto Para Xiaomi Poco F5;R$ 26,91
607;Capa Capinha Transparente Anti Impacto Para Xiaomi Poco X5;R$ 31,41
608;Capa Capinha Case Compatível Com iPhone X / XS Silicone e Interior Aveludado;R$ 19,30
609;Capa Magnetica Magsafe Compatível com iPhone 15 Pro Max;R$ 40,41
610;Película Privacidade Vidro Temperado Para iPhone 11 Pro;R$ 17,46
611;Capa De Celular Frases Samsung A51 Cód. 1282;R$ 29,36
612;Case celular a71 Samsung;R$ 116,40
613;Capa Adesivo Skin205 Verso Para Samsung Galaxy S22 Ultra 5G;R$ 27,66
614;Capa De Celular Feminina Samsung A10 S Cód.310;R$ 29,36
615;Pelicula de Vidro 3d Full Cover Compativel Xiaomi Poco F5 PRO;R$ 14,39
616;Suporte Case Celular Moto Bike À Prova D'Água E Impermeável;R$ 49,75
617;Capa Capinha Space Acrílica Colorida Fosca Para iPhone 14 Pro Max ( Selecione a Cor );R$ 24,15
618;Capinha Capa Silicone Para iPhone XS Max;R$ 17,72
619;Capa Capinha Celular Compatível Galaxy A73 Samsung;R$ 24,45
620;Capa De Celular Religiosa Samsung Note 10 Lite Cód.567;R$ 27,81
621;Cubot Note 40 256gb Black 12gb Ram 6gb + 6gb Expansível 50mp;R$ 1.725,15
622;Capa Capinha Celular Compatível Galaxy A11 Samsung;R$ 24,45
623;Capinha Capa Celular Samsung Galaxy S8 Emborrachada Minnie;R$ 19,39
624;Capa 360 para Samsung Galaxy S22 Plus - Rosa - Frente e Verso - Gshield;R$ 43,97
625;Capa De Celular Masculina Samsung A20 S Cód.990;R$ 29,36
626;Celular Simples Idoso Multilaser Up Play Chips;R$ 319,62
627;Capa Capinha Celular Compatível Galaxy A71 Samsung;R$ 49,80
628;Capinha De Celular Motorola one Silicone Com Aveludada.;R$ 15,50
629;Kit Capinha Antishock Reforçada Compatível Galaxy S22 Ultra + 01 Película De Nano Gel;R$ 38,79
630;Celular vovo&vovofone 16gb icones grandes zap botão sos;R$ 454,48
631;Smartphone Samsung Galaxy A04e 64GB Cobre 4G Octa-Core 3GB RAM 6,5” Câm. Dupla + Selfie 5MP;R$ 779,01
632;Pelicula Aro Case Protetor De Camera Lente Samsung S22 Ultra;R$ 89,90
633;Moto G4 Plus Dual SIM 32 GB preto 2 GB RAM XT1640;R$ 604,99
634;Suporte para Smartphone Tela de 4” a 5” - Atrio AC255;R$ 38,79
635;Telefone Celular Positivo P28: Dual Sim, Rádio FM e Bluetooth - Original;R$ 199,05
636;Suporte De Celular Mesa Pedestal Suporte 360 Universal Ajustável;R$ 20,41
637;Suporte de Celular Mesa Universal Portátil Ajustável;R$ 19,27
638;Capa Capinha Anti Impacto Transparente Samsung Galaxy A32 5G;R$ 19,54
639;Capa Capinha De Celular Compatível com Moto EDGE 40 NEO Motorola Personalizada;R$ 21,91
640;Capa Capinha Case Silicone e Interior Aveludado Compatível Com iPhone 14 Pro Max;R$ 22,21
641;Capa Capinha De Celular Compatível com Xiaomi Redmi 12 4G Mi Personalizada;R$ 21,91
642;Capa De Celular Religiosa Samsung S20 Fe Cód. 559;R$ 24,45
643;Capa De Celular Feminina Motorola Moto E6 Plus Cód.872;R$ 24,45
644;Bateria Compativel C11p1707 Asus Zenfone Max Plus M2 Zb634kl;R$ 75,04
645;Capa Capinha De Celular Compatível com Iphone 5 5S SE 2016 Iphone Personalizada;R$ 21,91
646;Kit Skin, Película de Vidro 3D e Lente Câmera Para Poco X5;R$ 26,31
647;Capa para smartphone A14 na cor branca;R$ 50,00
648;Capa De Celular Feminina Samsung A20 / A30 Cód.488;R$ 24,45
649;Braçadeira Suporte Capa Pochete De Braço Celular Treino;R$ 52,87
650;Capa Capinha Case Compatível com iPhone 12 Mini Silicone e Interior Aveludado;R$ 19,30
651;Suporte Celular Articulado De Pescoco Selfie Cama Mesa Sofa;R$ 24,99
652;Pelicula de Vidro 3D Full Cover p/ Samsung Galaxy M54;R$ 17,45
653;Suporte Celular Smartphone Universal Telescópico Holofote;R$ 157,13
654;Pelicula Privacidade Ceramica Matte Fosca Motorola Moto G22 Anti-Reflexo 9D Anti Espião;R$ 21,09
655;Capa De Celular Religiosa Samsung A01 Cód.059;R$ 29,36
656;Suporte Veicular para Celular Smartphone Universal Baseus 360 Giratório Magnético Saída de Ar Preto;R$ 82,44
657;Capa De Celular Frases Samsung S10 Plus Cód.1288;R$ 27,81
658;Microfone De Lapela Para Celular Smartphone Universal Para Gravar Vídeo + Cabo Extensor Stereo;R$ 65,85
659;Capa De Celular Frases Samsung A32 Cód. 1053;R$ 29,36
660;Capa De Celular Planetas Samsung A10S Cod 1150;R$ 29,36
661;Carregador Usb-C 20W Turbo Compativel Iphone-11-12-13-14 - Adaptador Tomada Fonte Turbo - Foxcom;R$ 98,69
662;Celular Simples 64MB Ram Positivo P38 Rede 3G VGA Tela 2.8;R$ 221,65
663;samsung galaxy s21 cinza;R$ 3.644,00
664;Capa De Celular Feminina Samsung S20 / S 20 Ultra Cód.488;R$ 47,45
665;Suporte Celular universal Articulado Flexível com Clip;R$ 24,98
666;Capa De Celular Unicórnio Samsung A32 Cód.063;R$ 24,45
667;Capa De Celular Feminina Samsung S21 Plus Cód. 309;R$ 27,81
668;Carregador Usb-C 20W Turbo Compativel Iphone-11-12-13-14 - Adaptador Tomada Fonte Turbo - Foxcom;R$ 103,30
669;Capa slim Compatível Com O Modelo Iphone Compatível Com O Modelo 14 Pro/Max;R$ 174,90
670;suporte celular impermeavel bike bicicleta;R$ 19,98
671;Celular Idoso Ligação, Rádio E Câmera Multilaser Up Play;R$ 323,31
672;Capa Capinha Celular Compatível Galaxy A03 Samsung;R$ 24,45
673;Capa Anti Impacto Transparente Para Xiaomi Poco X4 Pro 5g;R$ 16,63
674;Capa De Celular Masculina Samsung M10 Cód.1267;R$ 24,45
675;Capa Para iPhone 11 13 14 Pro e Pro Max Colorida Anti Queda Alta Qualidade Carregamento por indução;R$ 31,03
676;Capa Capinha Case Compatível Samsung Galaxy M54 5g;R$ 24,90
677;Capa De Celular Astronauta Samsung A20S Cd 1489;R$ 47,90
678;"Celular Positivo P38 128MB: Dual Chip, Preto, Tela 2,8"", FM - Idosos";R$ 248,99
679;Película Cerâmica Fosca e Privacidade para Iphone XR 11 12 PRO MAX Oleofobica Anti Curioso;R$ 22,85
680;Película Nano 9D Indestrutível Samsung S22 Ultra;R$ 23,18
681;Celular Positivo P50 Flip 32Mb Dual Chip Preto 2,4' Fm Idoso;R$ 422,29
682;Capa Capinha Case Compatível Com iPhone 12 Pro Max;R$ 19,30
683;Cabo Para Celular Smartphone USB 3.0 Tipo C Pcyes 1M Preto;R$ 48,00
684;Fonte Usb C 20w Turbo Compatível Com Todos iPhone 6 7 8 X XS Xs Max 11 12 13;R$ 58,10
685;Capa Transparente Anti Impacto para Samsung Galaxy S24 Ultra;R$ 17,51
686;Capa Capinha Carteira Flip Fecho Magnético Galaxy Samsung A03s;R$ 17,59
687;Capa Para iPhone 11 12 13 14 Pro/Pro Max Anel de Proteção Para a Câmera e Carregamento sem fio;R$ 32,00
688;Capa De Celular Feminina Samsung S9 Plus Cód.872;R$ 47,90
689;Capinha Celular Modelo Samsung A31;R$ 24,15
690;Apple iPhone 14 512GB Estelar;R$ 7.603,60
691;Capa Capinha Case A32 5G da Samsung Galaxy Silicone Aveludado Proteção de Câmera Colorida;R$ 8,99
692;Celular Simples Multilaser Up Play Câmera Traseira 32Mb;R$ 321,53
693;Capa Capinha Carteira Para Celular Galaxy A31;R$ 21,84
694;Capinha Capa Silicone para iPhone 11 Pro;R$ 17,72
695;Celular Multilaser Up Play Dual SIM 32 MB preto 32 MB RAM;R$ 217,89
696;Capa De Celular Frases Samsung A50 Cód.1052;R$ 47,90
697;Case celular a 32 Samsung;R$ 48,50
698;Pelicula Hydrogel Samsung Galaxy M34 5G;R$ 27,55
699;Carregador Original Samsung 15w Turbo M20 M30 A21 A30s A71;R$ 130,88
700;Capa De Celular Masculina Samsung A20 S Cód.990;R$ 29,36
701;Capa De Celular Religiosa Samsung A01 Cód. 054;R$ 29,36
702;Capa Capinha Celular Compatível Galaxy A11 Samsung;R$ 24,45
703;Capa Capinha Compatível Para Samsung A05 Aveludada Silicone;R$ 23,74
704;Capa De Celular Unicórnio Xiaomi Poco F2 Pro Cód.063;R$ 24,45
705;Capa Capinha Celular Compatível Galaxy A50/A30S Samsung;R$ 49,80
706;Skin Traseira KAKASHI para Smartphone Motorola;R$ 52,71
707;Capinha Capa Celular Samsung Galaxy S8 Emborrachada Minnie;R$ 19,39
708;Capinha Capa Silicone para iPhone 11 Pro;R$ 17,72
709;Capa Capinha Carteira Para Celular Galaxy A31;R$ 21,84
710;Case celular a 32 Samsung;R$ 48,50
711;Suporte Celular Dobrável Articulado Rosca 1/4 Ring Light;R$ 26,91
712;Capa De Celular Planetas Samsung A52 1296;R$ 29,36
713;Capa De Celular Masculina Samsung A21 Cód.995;R$ 24,45
714;Capa Carteira Preta + Pelicula de Vidro 3D + Pelicula de Camera Traseira para Samsung Galaxy M54;R$ 31,03
715;Capa de Silicone Aveludada com Blister Samsung Galaxy S23 Ultra;R$ 89,99
716;Capa De Celular Feminina Samsung A31 Cód. 1484;R$ 29,36
717;Capa Capinha Celular Compatível Galaxy A03 Samsung;R$ 24,45
718;Capa protetora de silicone smartphone xiaomi redmi note 8 vermelho;R$ 53,34
719;Suporte Para Celular Magnético Tomate Mtg-085;R$ 12,34
720;Capa Capinha TPU Transparente Antichoque Anti impacto, para celular A32 4G;R$ 9,69
721;Capa Case Capinha Armadura Resistente Para Moto Edge 40 NEO Preta;R$ 21,98
722;Facilite A Comunicação: Celular Simples Idoso Positivo P26;R$ 288,64
723;Suporte De Celular Para Moto Com Carregador Usb - Exbom;R$ 41,90
724;Celular Simples Rádio FM 32MB P28 Bluetooth Positivo;R$ 174,79
725;Case Compatível Com iPhone 14 Pro Roxa Impactor Flex Customic 304431;R$ 143,99
726;Suporte De Celular Dobrável Para Mesa De Elevação Value Pack K322;R$ 25,00
727;Capa De Celular Feminina Samsung A02S Cód. 1022;R$ 29,36
728;Capa De Celular Planetas Samsung A32 1300;R$ 24,45
729;Kit 03X Película Lente Câmera Brilho Diamante Para iPhone 11 Pro / 11 Pro Max - Charme e Proteção;R$ 22,21
730;Capa Anti Queda Compativel Para Samsung Galaxy S22;R$ 12,77
731;Capinha De Celular Para Samsung S21 Plus /S30 Pro Silicone Com Aveludada;R$ 16,50
732;Capa Carteira Para Samsung A31 - Capinha Cor: Vermelha;R$ 16,69
733;Celular Positivo Idosos: Teclas Grandes, Lanterna, Rádio Fm;R$ 510,69
734;Capa Anti impacto Chuva de Coração Compativel Para Galaxy S20 Fe;R$ 14,81
735;Capa De Celular Frases Samsung S20 Fe Cód. 1285;R$ 24,45
736;Capa De Celular Unicórnio Samsung M20 Cód.021;R$ 29,36
737;capinha de celular mult cores compatível com galaxy A14;R$ 59,90
738;Capa De Celular Feminina Samsung J7 Prime Cód.1023;R$ 29,36
739;Cordão Para Celular De Pescoço Ajustável Original Premium;R$ 34,00
740;Celular Simples Para Idoso Multilaser Up Play 2 Chips;R$ 332,93
741;Capa Capinha Case Compatível com iPhone 12 / 12 Pro Silicone e Interior Aveludado;R$ 19,30
742;Capa Gocase Slim Clear Para Galaxy S22 6.1 - Transparente;R$ 64,74
743;Capa Capinha Space + Pelicula Para iPhone 14 Pro Max Plus;R$ 20,48
744;Carregador De Carro Para Smartphone Gps Smartphone;R$ 21,33
745;Capa Capinha para NOVO Moto G14 Anti Impactos Transparente;R$ 17,51
746;Capinha Capa para Samsung Galaxy a20 a30 com Suporte case estampado;R$ 35,00
747;Capa Anti Choque Para Samsung Galaxy M14;R$ 13,49
748;Capa De Celular Frases Samsung Note 10 Lite Cód.1287;R$ 29,36
749;Fonte Usb C 20w Turbo Compatível Com Todos iPhone 6 7 8 X XS Xs Max 11 12 13;R$ 58,10
750;Capa Capinha Case Compatível Samsung Galaxy M54 5g;R$ 24,90
751;Capa De Celular Astronauta Samsung A20S Cd 1489;R$ 47,90
752;Película Nano 9D Indestrutível Samsung S22 Ultra;R$ 23,18
753;Capa Transparente Anti Impacto para Samsung Galaxy S24 Ultra;R$ 17,51
754;Celular Positivo P50 Flip 32Mb Dual Chip Preto 2,4' Fm Idoso;R$ 422,29
755;Capa Capinha Case Compatível Com iPhone 12 Pro Max;R$ 19,30
756;Cabo Para Celular Smartphone USB 3.0 Tipo C Pcyes 1M Preto;R$ 48,00
757;"Celular Positivo P38 128MB: Dual Chip, Preto, Tela 2,8"", FM - Idosos";R$ 248,99
758;Película Cerâmica Fosca e Privacidade para Iphone XR 11 12 PRO MAX Oleofobica Anti Curioso;R$ 22,85
759;Capa Capinha De Celular Compatível com Galaxy A04/A04E Samsung Personalizada;R$ 21,91
760;Pelicula Hydrogel Samsung Galaxy M34 5G;R$ 27,55
761;Capa De Celular Feminina Samsung A8 Cód.1195;R$ 29,36
762;Capa Capinha Case A32 5G da Samsung Galaxy Silicone Aveludado Proteção de Câmera Colorida;R$ 8,99
763;Capa Anti Impacto Transparente Para Xiaomi Poco X4 Pro 5g;R$ 16,63
764;Capa De Celular Masculina Samsung M10 Cód.1267;R$ 24,45
765;Suporte Celular Smartphone Mesa Universal Ajustável - Vision;R$ 24,24
766;Capa Capinha De Celular Compatível com Xiaomi Redmi 9A Mi Personalizada;R$ 21,91
767;Capa Carteira Para Samsung A14 (Tela de 6.6) Capinha Case;R$ 21,86
768;Capa De Celular Unicórnio Samsung A32 Cód.063;R$ 24,45
769;samsung galaxy s21 cinza;R$ 3.644,00
770;Capa De Celular Feminina Samsung A21 S Cód.1368;R$ 29,36
771;Capa Adesivo Skin352 Verso Para Motorola Edge 40 Neo;R$ 29,90
772;"Smartphone Xiaomi Redmi 12 Dual SIM de 256GB / 8GB RAM de 6.79"" 50 + 8 + 2MP / 8MP - Sky Blue";R$ 1.450,15
773;Capa Capinha Celular Compatível Galaxy A71 Samsung;R$ 49,80
774;Case Compatível Com iPhone 14 Pro Roxa Impactor Flex Customic 304431;R$ 143,99
775;Celular vovo&vovofone 16gb icones grandes zap botão sos;R$ 454,48
776;Suporte De Celular Dobrável Para Mesa De Elevação Value Pack K322;R$ 25,00
777;Capa De Celular Frases Samsung M30 Cód.1277;R$ 29,36
778;Capa De Celular Masculina Samsung A22 Cd 989;R$ 29,36
779;Capa Capinha Case Silicone e Interior Aveludado Compatível Com iPhone 14 Pro Max;R$ 22,21
780;Kit 03X Película Lente Câmera Brilho Diamante Para iPhone 11 Pro / 11 Pro Max - Charme e Proteção;R$ 22,21
781;Suporte De Celular Para Moto Com Carregador Usb - Exbom;R$ 41,90
782;Celular Simples Rádio FM 32MB P28 Bluetooth Positivo;R$ 174,79
783;Celular Positivo Idosos: Teclas Grandes, Lanterna, Rádio Fm;R$ 510,69
784;Capa De Celular Planetas Samsung A32 1300;R$ 24,45
785;Capa De Celular Feminina Samsung A02S Cód. 1022;R$ 29,36
786;Capa Anti Queda Compativel Para Samsung Galaxy S22;R$ 12,77
787;Capinha De Celular Para Samsung S21 Plus /S30 Pro Silicone Com Aveludada;R$ 16,50
788;Capa Carteira Para Samsung A31 - Capinha Cor: Vermelha;R$ 16,69
789;Capa capinha p/ iphone 8 plus (0896) anatomia grey;R$ 22,17
790;Capa De Celular Religiosa Samsung S20 Fe Cód. 559;R$ 24,45
791;Suporte De Celular Mesa Pedestal Suporte 360 Universal Ajustável;R$ 20,41
792;Suporte de Celular Mesa Universal Portátil Ajustável;R$ 19,27
793;Capa De Celular Masculina Samsung A8 Cód.1263;R$ 24,45
794;Capa De Celular Feminina Samsung A80 Cód.875;R$ 24,45
795;Bateria Compativel C11p1707 Asus Zenfone Max Plus M2 Zb634kl;R$ 75,04
796;Capa Capinha De Celular Compatível com Iphone 5 5S SE 2016 Iphone Personalizada;R$ 21,91
797;Capa Capinha De Celular Compatível com Xiaomi Redmi 12 4G Mi Personalizada;R$ 21,91
798;Cordão Para Celular De Pescoço Ajustável Original Premium;R$ 34,00
799;Capa De Celular Religiosa Samsung J7 Neo Cód.052;R$ 29,36
800;Capa De Celular Feminina Samsung J7 Prime Cód.1023;R$ 29,36
801;Capa Capinha De Celular Compatível com Moto EDGE 40 NEO Motorola Personalizada;R$ 21,91
802;Capa Capinha Anti Impacto Transparente Samsung Galaxy A32 5G;R$ 19,54
803;Suporte Celular Moto Com Carregador Universal Usb Garra X;R$ 65,49
804;Celular Positivo P50 Para Idoso Tecla Sos Dual Fácil Barato;R$ 208,91
805;Película Anti Espiao 3d Privacidade Para Samsung Galaxy A31 / A32 4g;R$ 20,23
806;Capa Adesivo Skin361 Verso Para Samsung Galaxy S23 Ultra;R$ 29,90
807;Capa De Celular Masculina Samsung S20 Fe Cód. 1156;R$ 29,36
808;Capa De Celular Feminina Samsung S20 / S 20 Ultra Cód.1029;R$ 29,36
809;Capa De Celular Religiosa Samsung A72 Cód. 563;R$ 27,81
810;Kit Capa Capinha Case + Película Privacidade 3D Tela Compatível Com iPhone 11 Pro Max;R$ 29,00
811;Suporte De Celular Universal Para Moto Com Carregador Usb;R$ 49,95
812;Capinha Celular Monster Grip para Samsung A72;R$ 96,90
813;Capa De Celular Borboletas Samsung S20 Fe Cód. 1012;R$ 29,36
814;Película Privacidade Para iPhone 7 8 X Xr 11 12 13 14 Promax;R$ 24,90
815;Capinha Celular Para Galaxy A50 A30s com Proteção de Câmera Liso;R$ 23,48
816;Capa slim Compatível Com O Modelo Iphone Compatível Com O Modelo 14 Pro/Max;R$ 174,90
817;Capa Capinha De Celular Personalizada Compatível Samsung M14 5G;R$ 21,91
818;Capinha Anti Quedas para Samsung Galaxy A01 Core;R$ 18,43
819;Capa De Celular Astronauta Samsung A21 1489;R$ 24,45
820;Tela Aumento De Imagens Phone Smartphone Skype;R$ 31,91
821;Fone de Ouvido Bluetooth Sem Fio Stereo V5.0 InPods i12 Wireless Microfone Celular Smartphone Caixa Recarregavel Ligaçao Musica Audio Jogos Notebook T;R$ 44,50
822;Celular Idoso com ZAP ZAP - Mult ilaser Zapp;R$ 324,95
823;Capa De Celular Feminina Samsung A52 Cód. 1003;R$ 27,81
824;Capa Capinha Celular Compatível Galaxy M23 Samsung;R$ 47,90
825;Câmera Inspeção Sonda Wifi Endoscópica HD Para Smartphone Celular Ou Pc Com Cabo 2 Metros IOS Android;R$ 54,77
826;Tripé Profissional Para Câmera E Celular Com Suporte P/ Celular;R$ 54,42
827;Smartphone alcatel pixi 3 4028e 4gb;R$ 193,03
828;Capa De Celular Feminina Samsung A02S Cód. 871;R$ 29,36
829;Capa Carteira Para Motorola Moto G22 (Tela de 6.5) Capinha Case;R$ 21,86
830;Capa De Celular Impermeável Proteção Mergulho Chuva Piscina;R$ 11,99
831;Capa Transparente Mag-Safe Para Galaxy S23 Ultra;R$ 35,11
832;Pelicula Hydrogel Fosca Para Samsung S24 Ultra 6.8;R$ 59,90
833;Capinha a12;R$ 29,10
834;Suporte Celular Para Carro Magnético - Knup;R$ 53,25
835;Bateria Apple iPhone 6s Plus 2750 mah;R$ 113,39
836;Capinha Capa para celular Xiaomi Redmi 10 Note 10 Pro 10S Note Pro Mi 11 Mi 11 Lite House of the Dragon HOD1V;R$ 35,99
837;Capa Carteira Couro Cellway Mostarda Para Iphone 15 Pro Max 6.7;R$ 114,31
838;Case Silicone Protege Cam Compatível com iPhone 13 Pro Max;R$ 23,48
839;Suporte celular moto;R$ 50,43
840;Capa De Celular Planetas Samsung J5 Pro - 1304;R$ 29,36
841;Capa Capinha Case Aveludada Emborrachada Compatível Xiaomi Poco X5 5g;R$ 17,59
842;Capa De Celular Masculina Samsung A21 S Cód.998;R$ 29,36
843;Lupa Ampliadora Para Tela De Celular 3d 12 Polegadas;R$ 15,51
844;Capa Case Anti Impacto Anel Para Samsung Galaxy A24 4G;R$ 31,41
845;Pelicula de Vidro 3d Cobre Toda Tela Proteção Para Samsung Galaxy M54;R$ 9,48
846;Capinha Celular Compatível Com Samsung Galaxy A52 Aveludado;R$ 18,00
847;Suporte Celular Tripé Smartphone Mesa Portátil Selfie;R$ 25,52
848;Capa Capinha Case de Silicone Samsung Galaxy A53 5G Aveludada Proteção Da Câmera Premium;R$ 8,99
849;Capa De Celular Feminina Samsung Note 10 Lite Cód.298;R$ 29,36
850;Pelicula De Vidro Compatível com Nintendo Switch + Kit 4 Grips Zelda;R$ 47,53
851;Capa De Celular Religiosa Samsung J4 Plus/Core/+ Cód.059;R$ 29,36
852;Capa Capinha De Celular Compatível com Moto G73 Motorola Personalizada;R$ 21,91
853;Capinha De Celular Motorola E7 Power Silicone Com Aveludada.;R$ 16,50
854;Capinha de celular Para SAMSUNG A22 4G Em Silicone Aveludo Com Proteção Da Câmera;R$ 17,50
855;Capa De Celular Feminina Xiaomi Poco F2 Pro Cód. 1371;R$ 29,36
856;Capa Capinha Celular Compatível Galaxy A71 Samsung;R$ 24,45
857;Capa para iPhone 12 Pro com Proteção na Câmera e Suporte para Mãos;R$ 23,48
858;Capa Carteira Estampada Sweetee E180 Para Samsung M54 5G M546;R$ 111,67
859;Suporte celular para moto;R$ 58,20
860;Suporte Mesa Celular Smartphone Resistente Articulado;R$ 50,51
861;Suporte Veicular Universal Para Smartphone Sp-21 Exbom;R$ 20,00
862;Capa De Celular Feminina Samsung J7 Pro Cód.301;R$ 29,36
863;Capa De Celular Feminina Samsung A50 Cód.390;R$ 29,36
864;Capa Capinha Samsung S23 Ultra Antishock Transparente;R$ 22,25
865;Capa de silicone compatível com Samsung Galaxy Buds FE / Buds 2/ Buds Pro/ Buds Live (azul);R$ 52,71
866;Capa De Celular Astronauta Samsung A11 1488;R$ 47,90
867;Capinha para Galaxy S20 FE / S20 FE 5G Silicone Aveludado com Proteção na Câmera Lisa;R$ 23,48
868;Capa De Celular Feminina Samsung J7 Neo Cód.272;R$ 24,45
869;Suporte Para Celular Smartphone Gps Bike Moto 6 Polegadas;R$ 51,30
870;Capa Nillkin Proteção de Cameras para Galaxy S24;R$ 158,31
871;Película Hidrogel Frente e Verso HD Anti-Impacto Xiaomi Poco X5 Pro;R$ 48,40
872;Suporte De Telefone À Prova D'água Para Moto Ms411;R$ 23,39
873;Capa De Celular Feminina Samsung A10 Cód.305;R$ 29,36
874;Capa De Celular Feminina Samsung A02 Cód. 809;R$ 29,36
875;Smartphone Samsung Galaxy A23 128GB Branco 4G - Octa-Core 4GB RAM 6,6” Câm Quádrupla + Selfie 8MP;R$ 1.789,00
876;Capa De Celular Feminina Samsung Note 10 Lite Cód.1438;R$ 29,36
877;Capa Anti Queda Chuva de Coração Para Samsung Galaxy M23 (5G);R$ 14,24
878;Capa De Celular Feminina Samsung J2 Pro Cód.488;R$ 24,45
879;Capa Anti Shock Chuva de Coração Compativel Para Samsung Galaxy S20 Fe;R$ 14,91
880;Capa Capinha De Celular Compatível com Galaxy S23 ULTRA Samsung Personalizada;R$ 21,91
881;Película iPhone 11 (6.1) Kingshield Hydrogel Cobertura Total P/ (Traseira);R$ 43,99
882;Capinha para Celular Sonic Merilin Cases TPU de Alta Qualidade;R$ 30,96
883;Gimbal Estabilizador Celular Smooth Xs Black Zhiyun Tech;R$ 435,84
884;Capa De Celular Frases Samsung J8 21290 Cód.1290;R$ 29,36
885;Case celular a71 Samsung;R$ 116,40
886;Capa Capinha Smile Colorida fluorescente para diversos modelos;R$ 38,86
887;Celular Vita Tela 1.8 Dual Chip 2G USB Bluetooth P9120;R$ 189,90
888;Suporte Smartphone Celular Mod2;R$ 17,10
889;Celular Multilaser Flip Vita Ideal para Idoso Teclas Grandes 32MB P9020 AZUL;R$ 208,99
890;Capa Capinha de celular Samsung Galaxy M52 5G Silicone Aveludado e Proteção Da Câmera Case;R$ 8,99
891;Suporte Celular Regulável Compatível Logitech G27 G29 G920;R$ 42,66
892;Capa slim Compatível Com O Modelo Iphone Compatível Com O Modelo 14 Pro/Max;R$ 174,90
893;Capa De Celular Religiosa Huawei P30 Pro Cód.1120;R$ 29,36
894;Capa De Celular Feminina Samsung A52 Cód. 1003;R$ 27,81
895;Smartphone alcatel pixi 3 4028e 4gb;R$ 193,03
896;Película Traseira HPrime Nano Compatível iPhone 13 Pro Max;R$ 40,32
897;Tela Aumento De Imagens Phone Smartphone Skype;R$ 31,91
898;Capa De Celular Astronauta Samsung A21 1489;R$ 24,45
899;Capa para iphone 11 pro max (0470) não sou obrigado a nada;R$ 24,14
900;Fonte Carregador Turbo 20W USB-C e cabo lightning compatível iPhone 11 12 13 Max X XR XS;R$ 80,10
901;Celular Simples 64MB Ram Positivo P38 Rede 3G VGA Tela 2.8;R$ 221,65
902;Capa De Celular Unicórnio Samsung A32 Cód.063;R$ 24,45
903;Capinha Celular para Galaxy A71 com Proteção de Câmera;R$ 23,48
904;SAMSUNG J2 PRIME / G530 / G531 / G532 KIT Capinha Case Frente e Verso 360º Para Modelos Smartphone;R$ 13,95
905;Capa De Celular Feminina Samsung A21 S Cód.1368;R$ 29,36
906;Carregador Usb-C 20W Turbo Compativel Iphone-11-12-13-14 - Adaptador Tomada Fonte Turbo - Foxcom;R$ 98,69
907;Capa De Celular Feminina Samsung Note 10 Lite Cód.1038;R$ 24,45
908;Pelicula Ceramica Tela Para Smartphone Samsung M52;R$ 36,24
909;Suporte Mesa Celular iPhone Samsung Xiaomi Asus Motorola;R$ 24,99
910;samsung galaxy s21 cinza;R$ 3.644,00
911;Capa De Celular Unicórnio Moto G60 Cd 066;R$ 29,36
912;Capa De Celular Unicórnio Samsung A71 Cód.004;R$ 29,36
913;"Smartphone Xiaomi Redmi 12 Dual SIM de 256GB / 8GB RAM de 6.79"" 50 + 8 + 2MP / 8MP - Sky Blue";R$ 1.450,15
914;Câmera Inspeção Sonda Wifi Endoscópica HD Para Smartphone Celular Ou Pc Com Cabo 2 Metros IOS Android;R$ 54,77
915;Capa Adesivo Skin361 Verso Para Samsung Galaxy S23 Ultra;R$ 29,90
916;Suporte para Celular Madeira Jequitibá - Midur Creative Woods - Suporte Smartwatch;R$ 269,99
917;Película Anti Espiao 3d Privacidade Para Samsung Galaxy A31 / A32 4g;R$ 20,23
918;Capa Capinha Celular Compatível Galaxy M23 Samsung;R$ 47,90
919;Celular Positivo P50 Para Idoso Tecla Sos Dual Fácil Barato;R$ 208,91
920;Capa Capinha De Celular Personalizada Compatível Samsung M14 5G;R$ 21,91
921;Suporte Celular Moto Com Carregador Universal Usb Garra X;R$ 65,49
922;Tripé Profissional Para Câmera E Celular Com Suporte P/ Celular;R$ 54,42
923;Capinha Anti Quedas para Samsung Galaxy A01 Core;R$ 18,43
924;3 Películas de Cerâmica Nano 9d Inquebrável para Samsung Galaxy S20 FE;R$ 26,38
925;Capa De Celular Feminina Samsung S21 Plus Cód. 309;R$ 27,81
926;Suporte de telefone multifuncional para carro;R$ 28,90
927;Usado: Xiaomi Redmi 8 32GB Azul Muito Bom - Trocafone;R$ 652,74
928;Amplificador De Imagem Da Tela Do Celular Ampliada Lupa 3d tela;R$ 17,45
929;Capa De Celular Frases Samsung A32 Cód. 1053;R$ 29,36
930;Kit Proteção para Samsung Galaxy J6 Plus;R$ 22,39
931;Capa iPhone 14 Pro Originais iPlace, Beagá, Silicone, Cinza Urbano;R$ 66,45
932;Capinha Celular para Galaxy S20 Ultra Proteção de Câmera Lisa;R$ 23,48
933;Smartphone Samsung Galaxy A03s 64GB Azul 4G 4GB RAM Tela 6,5” Câm. Tripla + Selfie 5MP;R$ 1.309,50
934;Bolsa Case Prova Dágua Celular Universal Impermeável Oferta;R$ 12,34
935;Capa De Celular Feminina Samsung M62 Cd 1189;R$ 29,36
936;Carregador Usb-C 20W Turbo Compativel Iphone-11-12-13-14 - Adaptador Tomada Fonte Turbo - Foxcom;R$ 103,30
937;Suporte Celular universal Articulado Flexível com Clip;R$ 24,98
938;Capa De Celular Feminina Samsung A22 Cd 274;R$ 24,45
939;Suporte Para Celular Ar Condicionado;R$ 13,48
940;Película de Câmera Lente Para iPhone 15 ( Disponível Para Toda Linha 15 Selecione Seu Modelo );R$ 14,45
941;Pelicula Hidrogel Iphone 11 Frontal + traseira;R$ 58,10
942;Capa Capinha Carteira Para Celular Moto E7 Plus;R$ 19,30
943;Smartphone Tcl 305I 6.52 Hd+ 64Gb Câmera 13Mp Frontal 5Mp;R$ 863,97
944;Capa Adesivo Skin352 Verso Para Motorola Edge 40 Neo;R$ 29,90
945;Skin Traseira MÁRMORE BRANCO para Smartphone Xiaomi;R$ 52,71
946;Capa De Celular Feminina Samsung J7 Cód.312;R$ 29,36
947;Braçadeira Suporte Capa Pochete De Braço Celular Treino;R$ 52,87
948;Capa De Celular Astronauta Samsung A31 1488;R$ 29,36
949;Capa Capinha TPU Resistente Para Samsung Galaxy A22 4G;R$ 10,35
950;Capinha Capa De Celular Carteira Compativel Moto Edge 30 Pro XT2201 6.7 - Luiza Cell25;R$ 19,39
951;Pelicula Hydrogel Infinix Note 30;R$ 27,55
952;Capa De Celular Feminina Samsung S20 / S 20 Ultra Cód.301;R$ 29,36
953;Capa Capinha Case Fiber Anti Impacto Para Motorola Moto G73;R$ 34,20
954;Capa De Celular Silicone com Veludo e Fita Para Apoio Compativel Diversos Modelos REF 9Y;R$ 19,40
955;Capa De Celular Feminina Samsung M62 Cd 1000;R$ 29,36
956;Capa Capinha Antimpacto Para Samsung Galaxy A22 4g Sm-a225m;R$ 34,99
957;Suporte Case Celular Moto Bike À Prova D'Água E Impermeável;R$ 78,96
958;Suporte de celular controle remoto parede sem furo carregador;R$ 11,30
959;Suporte para GPS e Smartphone de Fixação no Ar Condicionado;R$ 18,43
960;Capa De Celular Feminina Samsung M51 Cód. 487;R$ 24,45
961;Capa De Celular Feminina Samsung A51 Cód. 1173;R$ 24,45
962;Capa De Celular Planetas Samsung A20 S 1303;R$ 29,36
963;Capa De Celular Feminina Samsung A10 S Cód.1024;R$ 29,36
964;Capa De Celular Feminina Samsung J4 21190 Cód.1190;R$ 29,36
965;Capa De Celular Feminina Samsung A10 S Cód.1003;R$ 29,36
966;Capa Redpepper À Prova D'água Para o iPhone 13 pro max;R$ 128,24
967;Capa Capinha Case Smartphone Samsung A11 Silicone Verde;R$ 18,99
968;Capa Capinha De Celular Compatível com Galaxy M34 5G Samsung Personalizada;R$ 21,91
969;Capa Capinha Celular Compatível Galaxy J8 Samsung;R$ 47,90
970;Capa De Celular Unicórnio Samsung J7 Cód.021;R$ 29,36
971;Capa De Celular Feminina Samsung S21 Plus Cód. 032;R$ 47,90
972;Capa De Celular Unicórnio Samsung A10 Cód.002;R$ 24,45
973;Capinha se celular;R$ 22,31
974;Celular Positivo Flip P50: Dual SIM, 32 MB Preto, 32 MB RAM - Original;R$ 222,26
975;Capinha para iPhone 11 Pro Max Silicone Aveludado Cover Premium;R$ 21,04
976;Capa Capinha Fosca Magnética para Carregadores por Indução Capa Compatível com iPhone 14;R$ 47,41
977;Capa De Celular Frases Samsung A70 Cód.1276;R$ 29,36
978;Capa Capinha Case Anti Impacto Para Motorola Moto G54;R$ 17,51
979;Capa Capinha De Celular Compatível com Xiaomi Redmi Note 10 Pro / Max Mi Personalizada;R$ 21,91
980;Película De Hydrogel Nano Flexivel Para Samsung Galaxy M54;R$ 29,09
981;Capa De Celular Feminina Samsung J8 2037 Cód.037;R$ 54,83
982;Capa para iPhone 11 Silicone 2 em 1 Suporte para AirPods;R$ 30,90
983;Capa Bolsa Case Prova Dágua Celular Universal Impermeavel;R$ 14,24
984;Capa Capinha Celular Compatível Galaxy A72 Samsung;R$ 24,45
985;Capa De Celular Feminina Samsung S21 Cód. 1025;R$ 29,36
986;Capa Capinha Celular Compatível Galaxy M62 Samsung;R$ 47,90
987;Bainha para Celular e Canivete com Faca Campeira Club21 Inclusa;R$ 69,90
988;Capa Clip para Samsung Galaxy Note 10 Plus - Gshield;R$ 110,62
989;Suporte E Capa Protetora De Celular Para Moto E Bicicleta;R$ 38,63
990;Capa Capinha Celular Personalizada Compatível Samsung A14 5G;R$ 24,45
991;blu z5;R$ 203,70
992;Capa De Celular Unicórnio Samsung A51 Cód.023;R$ 29,36
993;Capinha Capa para celular Samsung Galaxy S21 S21 FE S21 Plus Cobra Kai Karate Kid CBK3;R$ 35,99
994;Capa De Celular Astronauta Samsung J7 Neo 1488;R$ 29,36
995;Celular vita multilaser p9121 teclas grandes sos;R$ 152,29
996;Capa Capinha De Celular Compatível com Moto G14 Motorola Personalizada;R$ 21,91
997;Aparelho Celular Simples Para Idoso Up Play Multilaser Preto;R$ 299,04
998;Capa Adesivo Skin352 Verso Para Xiaomi Poco X4 GT;R$ 27,81
999;Capinha Capa para Samsung Galaxy s22 ultra case Aveludada Interior;R$ 38,00
1000;Capa De Celular Borboletas Samsung M62 Cd 1016;R$ 47,45
1001;Capa De Celular Planetas Moto G60 Cd 1152;R$ 24,45
1002;Capa Capinha De Celular Compatível com Xiaomi Redmi Note 10 Pro / Max Mi Personalizada;R$ 21,91
1003;Capa De Celular Lgbt Motorola One Vision P40 Power 1583;R$ 57,76
1004;Capa Carteira com Flip Preta + 2x Peliculas de Vidro 3D para Samsung Galaxy M54;R$ 31,03
1005;Capa Adesivo Skin368 Verso Para Motorola Moto G84;R$ 29,90
1006;Controle Para Celular + Cabo Telescópico Smartphone Android AL-G7 Bluetooth;R$ 77,90
1007;Capa Translucida Anti Impacto Para Samsung Galaxy S23 Plus;R$ 34,20
